94.039,142.51,221.27,339.26,340.85,9503
107.66,170.76,199.92,310.61,332.6,10107
61.967,143.51,231.63,305.04,328.6,7506.3
86.851,107.66,216.18,333.62,320.53,8724.5
78.773,148.64,251.7,322.27,346.57,8713.1
66.039,137.39,224.47,354.22,352.4,8206.5
64.729,138.24,200.7,308.25,372.99,7900.8
106.13,129.51,257.9,317.73,358.33,10492
75.309,157.85,246.85,323.31,349.67,8565.6
96.554,148.58,184.25,299.15,405.48,9822.6
75.621,152.24,227.65,291.68,385.59,8589.5
60.435,177.52,189.58,331.07,344.44,7641.8
90.582,155.8,215.19,325.54,384.85,9608.2
113.22,191.28,244.37,338.14,391.65,11552
63.134,141.26,194.63,327.17,344.91,7674.4
65.068,130.54,213.19,311.39,339.88,7668.6
43.96,139.68,202.38,317.65,381.03,7291.6
111.42,139.94,218.75,283.46,355.56,10438
79.604,132.74,219.51,366.62,328.79,8702.3
57.347,135.01,179.65,285.29,371.72,7307.1
42.088,123.74,299.66,289.16,331.27,7019.6
97.218,168.03,211.85,276.92,367.07,9527.9
115.98,190.05,214.87,292.37,316.55,10576
57.65,131.12,264.01,341.63,354.86,7976.2
118.22,153.64,219.18,311.6,348.58,11133
70.812,162.53,220.71,337.48,367.6,8492.1
104.65,101.56,203.93,341.1,384.78,10466
88.812,127.19,256.24,324.97,341.46,9226.9
34.837,142.57,265.66,329.48,325.04,6927.1
77.042,196.93,243.5,324.7,380.45,9029.9
79.442,161.36,263.65,317.94,387.89,9201.2
71.531,181.95,196.93,300.31,326.85,7799.8
64.648,170.3,196.08,328.3,366.84,8030.2
55.749,196.82,228.27,284.2,354.27,7460
74.659,174.59,221.12,343.41,364.17,8720.4
79.296,154.53,213.29,314.21,335.21,8394.5
78.129,175.48,160.93,344.41,375.28,8709.2
39.456,147.81,222.01,287.66,321.6,6505.1
68.371,207.58,239.42,358.32,351.36,8567.8
75.828,162.54,179.87,284.39,344.44,7938
49.338,143.03,187.17,369.71,335.38,7325.7
68.798,192.59,273.71,363.75,343.22,8688.4
98.56,139.91,227.37,365.19,384.95,10426
62.479,133.25,239.61,292.41,362.95,7782.5
86.993,177.03,230.41,333.4,402.99,9746.5
132.36,147.07,187.99,346.92,374.57,12655
47.33,133.39,236.69,319.84,355.81,7331.1
71.255,138.35,245.38,334.47,333.15,8234.4
61.936,148.7,268.1,351.9,350.02,8237.1
42.268,168.76,216.99,331.27,381.07,7479.6
68.521,138.2,256.61,340.1,352.88,8389.3
102.31,138.72,224.87,282.38,346.22,9711.1
62.635,145.65,251.53,283.18,336.64,7562.3
91.508,138.54,182.31,339.89,310.31,8851.2
123.67,142.99,191.19,330.68,342.26,11488
158.21,155.16,280.59,294.4,381.36,15379
85.791,162.15,233.59,318.06,332.18,8876
123.15,141.39,232.45,277.01,379.48,11624
59.441,146.29,214.77,334.31,351,7743.4
55.931,89.22,225.95,317.71,325.88,7176.4
62.365,194.89,200.49,343.11,343.63,7894.5
78.756,172.64,210.39,362.8,373.5,9100.1
96.436,149.38,223.65,334.75,319.21,9447.5
65.688,128.01,198.78,253.5,370.47,7498.8
132.58,136.01,235,335.61,307.52,12171
111.82,146.51,240.83,290.12,360.96,10694
66.582,175.76,230.17,323.28,416.44,8738.1
98.106,130.39,165.31,336.18,351.89,9539.1
103.61,130.54,245.98,323.33,363.38,10343
108.61,133.24,205.85,314.86,306.15,9900.1
70.917,131.36,278.42,287.58,377.5,8460.4
38.305,136.7,170.38,348.03,313.62,6538.5
66.556,188.62,259.35,295.15,347.21,8056.7
55.093,146.61,204.08,357.8,364.72,7818
118.46,185.36,234.72,293.9,371.3,11394
82.656,116.94,198.79,318.55,374.38,8822.6
78.968,151.81,206.66,301.74,346.7,8358.1
88.818,169.88,199.15,287.41,390.69,9237.8
37.677,99.213,225.35,304.72,372.84,6973.1
88.916,141.71,227.18,326.26,319.06,8914.8
98.942,143.7,216.05,292.62,365.67,9705.8
123.67,146.47,177.28,369.45,370.19,11964
65.341,162.24,195.67,336.15,334.68,7789.7
34.951,117.64,251.31,270.49,356.67,6683.8
109.23,133.53,230.38,333.54,341.05,10536
65.16,135.1,195.25,350.07,349.49,7957
37.481,134.46,200.86,340.42,351.91,6977.4
65.661,140.03,179.11,318.66,331.75,7517.6
134.62,128.42,204.41,346,347.69,12638
53.214,166.74,198.6,315.04,362.7,7445.7
88.361,172.92,269.63,316.18,341.52,9310.6
88.145,153.05,198.79,382.62,346.8,9412.9
74.26,123.17,228.74,283.66,369.83,8253
100.72,100.5,233.25,313.82,358.7,9898.6
72.931,129.72,205.7,317.96,309.81,7756.2
71.417,140.35,231.55,334.42,370.83,8534.9
80.445,138.61,251.82,340.71,363.66,9073.9
139.81,153.99,247.04,308.73,324.19,12907
135.47,145.04,264.52,334.73,401.89,13495
68.853,154.28,220.33,297.66,338.34,7818.8
32.082,118.09,224.93,298.22,357.55,6690.4
98.687,115.97,194.49,329.75,355.99,9686.5
99.152,118.72,197.81,321.56,305.34,9200.8
76.577,111.75,187.82,322.21,362.37,8339.2
67.001,118.22,214.28,316.49,399.84,8339.1
53.85,201.54,233.46,312.45,325.06,7348.6
98.776,180.19,260.91,309.53,368.23,10150
112.2,133.29,231.47,276.52,347.33,10419
19.827,151.47,196.78,347.59,352.1,6705.8
79.756,149.02,266.17,302.41,368.94,8912.6
118.96,143.32,249.08,297.62,356.57,11297
72.223,146.4,201.55,332.38,346.66,8191.1
60.09,149.1,164.96,320.27,390.33,7798.3
75.243,115.46,192.67,321.07,321.1,7902.9
73.818,123.41,236.15,322.6,337.42,8236
53.768,178.32,217.25,310.32,338.44,7322.6
97.645,142.53,235.81,328.36,334.41,9672.5
84.266,113.68,221.23,334.28,336.68,8772.6
84.76,144.85,189.49,297.54,333.23,8418.1
87.447,119.66,236.08,343.65,358.01,9315.6
67.473,180.29,205.67,306.59,329.36,7717.8
97.971,126.1,220.71,277.76,378.46,9641.2
83.621,114.89,238.13,325.72,358.94,8975.8
86.736,138.77,190.78,283.74,341.84,8509.8
66.123,152.31,272.39,317.33,383.2,8519.9
63.422,132.42,219.39,376.49,325.2,7953.5
96.326,119.89,269.18,296.01,365.31,9768.9
78.137,182.51,215.99,325.17,370.16,8820.4
62.371,145.81,173.67,317.44,367.55,7692.7
59.069,158.02,197.09,354.49,342.65,7728.7
91.519,165.64,208.18,292.72,345.04,9041.9
75.681,142.02,257.58,353.44,365.26,8964.4
64.61,150.16,205.22,295.8,312.5,7282
22.248,180.76,230.72,287.29,292.34,5984.1
78.017,212.47,226.97,330.58,302.24,8330
113.49,158.03,199.3,312.47,319.88,10404
97.002,129.78,235.1,313.15,347.79,9617.1
78.534,122.52,188.86,343.36,329.39,8307.4
45.205,159.23,221.83,265.23,342.58,6736
69.36,159.52,217.63,324.93,380.06,8430.6
64.238,150.44,263.85,370.34,347.94,8428.4
99.363,137.88,175.73,309.76,391.41,9882.3
86.166,102.98,214.08,326.4,302.86,8443.8
44.773,119.91,222.61,345.42,359.39,7364.1
68.367,159.75,212.75,285.25,385.65,8132.7
103.51,130.99,215.35,353.4,334.3,10117
92.926,181.91,265.78,310.55,383.88,9954.9
80.976,124.99,204.41,301.77,353.71,8461.2
63.48,149.85,205,344.77,347.94,7914.8
115.04,160.67,232.34,320.05,372.53,11252
91.802,144.96,215.13,315.35,397.44,9706.2
36.817,145.94,219.25,293.59,320.45,6449.8
69.512,157.11,231.62,333.58,366.79,8438.2
129.22,131.02,180.25,293.3,345.48,11645
80.503,146.25,215.51,328.24,329.41,8496.1
76.603,172.39,234.56,244.13,363.54,8175.1
28.672,146.31,234.69,327.37,300.07,6393.3
107.6,197.29,215.59,353.89,350.18,10717
76.348,155.56,231.56,314.26,347.93,8455.6
47.605,140.55,218.52,347.31,392.3,7805.6
80.543,136.45,229.63,337.34,343.21,8743.2
117.48,159.35,208.57,332.84,378.21,11465
131.52,161.69,203.8,321.32,375.71,12524
24.322,192.36,204.06,276.39,314.88,6045.4
68.224,185.41,255.13,290.08,337.32,7974
81.142,127.37,238.51,301.84,355.52,8666.5
105.87,178,208.41,310.42,342.75,10133
30.725,138.95,215.95,308.59,310.3,6287.2
78.244,157.07,257.02,330.11,308.45,8423.9
73.892,175.34,246.05,370.1,353.76,8899.8
88.064,148.49,212.73,340.97,385.91,9546.1
74.737,122.02,218.83,343.34,324.96,8219.2
40.691,106.89,217.28,289.05,349.11,6692.9
63.935,174,262.41,360.71,341.3,8330.4
95.895,156.89,209.35,349.02,304.59,9318.7
89.339,144.33,245.54,347.7,369.56,9671.6
77.416,157.64,255.9,304.87,324.44,8349.5
104.24,175.07,222.07,291.67,359.47,10107
61.17,157.01,214.87,282.96,315.15,7134.6
85.404,168.5,217.08,306.56,385.95,9214.7
38.321,139.59,232.03,346.59,343.63,7133.6
87.144,115.86,207.35,304.18,371.24,8990
69.417,181.2,227.71,305.78,357.42,8183.1
73.151,151.91,208.92,319.97,351.59,8245.9
81.008,154.94,225.04,258.23,325.03,8055
79.525,164.98,244.74,286.05,369.36,8716
78.51,133.99,242.97,360.87,365.07,9070.4
113.53,146.65,201.91,312.84,366.36,10839
82.523,109.18,232.08,310.14,358.81,8758.8
119.35,132.15,188.31,383.2,366.9,11698
101.38,151.96,240.19,316.45,337.32,9911.1
70.555,156.81,238.91,332.84,355.67,8412.9
86.696,155.72,216.53,321.21,340.86,8932.5
95.899,153.97,232.03,346.47,338.49,9731.8
59,144.33,177.19,293.14,383.97,7553.1
54.69,154.07,220.72,333.9,336.17,7463.9
42.149,183.19,221.46,322.03,311.5,6804.4
54.186,142.03,207.32,303.56,333.96,7114.2
81.944,147.46,243.35,306.44,319.22,8468.2
61.987,174.97,234.67,362.87,382.98,8520.8
113.86,142.21,224.86,298.66,372.62,10930
58.707,122.85,257.5,297.3,305.92,7186.7
89.597,136.36,217.49,322.05,340.17,9065.7
94.491,142.15,248.62,325.51,367.37,9825.1
67.891,131.17,191.29,330.57,345.25,7872.7
90.198,130.82,201.68,324.96,377.06,9381
128.61,182.25,236.65,307.85,336.94,12017
89.551,128.15,227.41,286.83,358.4,9018.9
75.081,137.65,204.1,358.62,345.77,8503.7
119.66,164.29,193.39,319.76,320.71,10934
45.63,126.78,210.96,321.08,354.5,7128.2
79.549,132.79,229.08,276.97,372.92,8534.1
104.88,158.97,253.86,305.35,338.47,10174
73.524,185.77,199.13,311.99,343.9,8162.3
112.1,193.86,216.2,327.08,314.21,10514
56.568,154.64,192.46,318.51,334.69,7269.5
103,162.74,223.06,277.96,349.22,9801.7
57.021,130.22,230.25,289.2,320.93,7084.7
95.007,172.71,239.82,276.01,357.87,9442.8
25.292,158.3,191.83,366.75,389.81,7274
99.664,135.01,210.8,322.19,374.67,10003
84.693,163.41,208.08,338.22,324.02,8751
86.357,151.04,212.57,300.53,356.86,8887.9
86.399,179.86,233.95,344.47,357.52,9381.7
60.006,155.81,220.14,302,304.19,7141.3
92.01,190.7,214.94,336.83,384.44,9850.9
84.058,108.76,228.05,323.95,409.76,9406.5
71.736,144.82,244.31,342.36,317.79,8176.6
115.15,160.22,211.23,304.08,320.8,10547
77.495,117.59,207.13,323.33,321.08,8113.4
80.047,166.31,233.67,312.57,352.02,8713.5
86.798,116.22,225.19,314.19,335.84,8794.9
43.569,128.78,255.82,295.29,328.87,6872.1
55.379,157.46,217,345.77,321.69,7424.5
91.545,116.36,222.19,297.42,403.36,9590.4
65.247,165.75,213.86,316.11,343.49,7828
94.314,139.25,160.89,271.25,313.53,8465.7
99.031,173.42,218.92,299.58,362,9808.4
10.188,146.67,203.81,356.12,285.93,6063.2
94.03,180.59,237.42,327.86,353.15,9707.7
67.113,155.5,240.86,331.81,346.32,8163.2
48.98,104.78,226.1,308.01,321.66,6857.2
80.167,128.75,232.66,319.59,346.85,8629.7
92.72,154.9,197.14,286.2,364.89,9179
93.246,167.18,200.99,313.55,311.04,8940.7
51.941,145.3,203.52,249.12,335.7,6653.4
64.684,152.6,242.3,349.25,376.1,8462.2
60.144,131.9,235.58,303.76,388.32,7983.8
87.417,166.13,227.63,332.44,327.98,9011.9
59.85,127.67,220.65,335.2,331.12,7564.4
73.663,148.82,192.34,316.39,352.14,8160
51.683,157.17,232.06,330.01,325.85,7294.5
89.137,167.8,215.29,318.68,367.79,9337.4
86.239,150.56,208.42,348.32,340.81,9044
76.574,165.3,193.08,309.16,282.99,7640.2
98.924,157.76,168.1,272.18,329.24,9002.1
77.119,179.15,286.02,319.43,382.18,9188.4
73.291,159.21,197.52,347.86,330.53,8208.4
76.714,104.04,228.89,316.28,385.19,8712.3
93.786,156.4,211.78,308.71,345.77,9301.3
67.747,130.92,227.75,329.06,328.93,7884.6
101.51,148.73,226.01,320.24,368.93,10169
73.705,124.58,173.37,317.97,340.28,7908.8
141.99,114.71,217.21,378.29,349.44,13606
113.74,134.86,239.8,396.32,349.66,11452
74.585,108.31,220.86,312.06,342.59,8137.1
60.938,105.45,245.96,284.24,330.78,7323
84.791,160.92,231.2,328.76,327.81,8837.4
97.523,122.17,273.65,307.85,384.38,10140
80.241,83.256,208.73,332.51,314.49,8191.9
52.432,124.52,224.14,329.02,339.27,7326.9
62.028,152.77,253.33,294.1,316.13,7444
63.972,164.61,207.07,372.4,334.21,8044.9
107.55,219.3,234.14,309.04,323.82,10290
118.04,153.44,234.77,332.19,351.03,11366
109.7,174.41,248.5,345.76,346.35,10892
105.68,141.25,273.55,319.64,349.18,10493
80.164,150,206.35,266.93,337.98,8087.7
31.008,108.36,243.84,284.62,346.14,6536.5
66.79,138.72,219.64,375.97,339.01,8245.3
81.592,158.43,229.17,316.07,352.88,8790.3
75.467,140.01,208.07,284.92,372.42,8281.3
46.099,132.21,199.89,351.28,352.13,7290
92.179,126.76,175.28,319.27,312.39,8704.4
84.913,133.96,258.91,328.31,345.42,9088
99.575,177.58,268.45,309.87,272.69,9328.8
106.82,122.55,239.06,376.7,335.69,10633
45.754,161.75,203.51,324.66,338.48,7046.9
100.93,143.6,202.27,364.88,340.41,10041
59.017,139.97,215.52,355.51,369.63,8042.9
106.3,177.46,236.84,318.25,327.27,10215
96.57,133.36,183.54,344.83,403.86,10093
99.84,143.98,239.97,382.04,367.71,10540
104.32,122.46,206.86,329.63,340.3,10001
53.001,142.35,221.99,334.15,367.92,7685.9
76.889,146.11,216.2,278.36,371.22,8351.9
54.386,178.7,186.2,360.63,292.82,7110.1
55.963,164.75,270.82,350.85,360.92,8145.5
52.971,137.78,212.54,316.77,316.33,7012.6
104.43,145.47,247.73,319.13,344.62,10235
107.02,138.58,254.5,295.7,402.58,10826
91.146,126.91,245.93,318.74,309.2,8965
127.45,173.32,210.41,322.79,375.82,12238
98.749,134,224.16,282.95,310.05,9114.2
60.346,144.28,215.05,361.66,378.95,8236.3
97.435,124.79,235.6,312.37,317.51,9343.1
68.863,169.46,236.01,296.78,351,8047.8
82.662,149.35,247.96,307.18,368.22,9007.5
62.067,139.75,203.69,349.2,355.15,7925
116.97,133.23,222.42,336.06,387.42,11545
112.54,169.56,231.4,303.59,347.06,10716
44.916,174.12,243.47,283.64,370.43,7266.2
102.05,143.29,213.56,325.46,318.23,9684.3
93.43,119.61,222.75,278.1,376.4,9325.4
63.56,145.03,243.22,343.52,341.18,8028
75.096,122.17,239.63,350.22,332.76,8466.2
116.36,142.1,233.57,293.97,339.75,10823
91.617,168.99,233.76,359.74,337.13,9584.1
83.769,195.95,215.63,369.92,346.18,9246
43.758,163.35,239.13,310.21,335.05,7036.1
55.72,115.06,240.47,285.78,394.29,7726.4
107.1,149.71,187.84,323.78,336.15,10085
114.85,121.83,197.36,311.5,324.53,10454
71.15,143.65,223.25,352.78,359.6,8510.3
25.712,137.18,202.17,346.62,361.48,6873.6
75.162,106.45,192.52,311.72,303.25,7641.5
92.674,163.75,218.05,356.95,322.83,9402.5
80.032,161.08,163.86,310.15,328.41,8104.7
101.73,181.7,223.92,350.44,289.32,9704
77.728,131.76,241.95,349.87,339.58,8698.3
63.548,175.46,228.61,340.29,349.38,8078
85.73,108.86,241.05,317.29,365.66,9102
47.923,169.48,231.42,345.83,332.79,7370.5
70.784,166.75,216.57,291.7,325.27,7752.9
25.074,133.6,229.85,278.34,341.48,6321.7
72.601,117.16,267.37,318.41,347.33,8384.6
141.13,138.17,200.38,291.71,385.47,13223
76.63,147,244.91,285.84,368.92,8517.3
116.19,172.07,205.87,325.59,362.39,11177
90.187,114.83,202.17,325.19,343.95,9032.9
123.71,88.728,225.75,330.51,367.31,11779
105.91,159.36,267.24,353.53,343.64,10705
74.434,135.64,221.1,306.59,334.92,8081.4
73.196,129.16,226.01,304.68,331.51,7983.7
60.554,120.01,221.99,318.74,321.93,7378.5
115.41,124.46,280.1,340.3,331.71,11196
67.352,145.42,213.87,305.6,399.74,8337
120.83,153.05,220.81,329.24,399.48,11960
129.92,162.51,229.8,306.17,383.96,12487
95.874,163.58,225.23,276.38,322.31,9068.1
110.3,146.4,222.57,330.14,340.51,10575
104.25,187.34,255.64,326.51,351.64,10477
110.83,158.55,232.27,324.23,344.85,10692
41.903,96.819,252.94,351.15,372.65,7547.9
88.964,101.85,243.08,344.76,344.74,9282.6
111.24,141.09,249.11,278.08,344.28,10436
81.337,136.64,189.87,322.63,369.89,8735.2
69.735,149.22,236.52,311.11,313.85,7792.8
115.01,155.38,238.79,289.72,332.74,10678
100.13,112.5,188.91,294.13,383.91,9760.9
68.425,173.88,220.2,325.05,381.5,8447.4
77.054,101.7,207.65,324.81,362.53,8461.6
80.281,128.65,223.92,298.63,321.91,8205.7
49.436,152.69,216.12,297.94,357.97,7205.4
25.254,108.67,231.4,301.31,331.32,6341.5
120.56,100.94,225.49,335.82,307.31,11012
94.252,158.91,201.31,308.1,336.29,9189
60.185,183.66,202.67,319.65,335.78,7548.9
118.7,149.83,250.82,317.88,354.89,11428
65.956,164.54,265.2,272.03,365.85,8018.3
104.99,147.85,201.23,301.67,389.79,10351
67.8,147.64,257.84,346.18,329.58,8205.2
59.761,83.783,241.7,289.87,360.04,7522.1
45.217,167.27,244.79,318.04,347.65,7292.9
97.308,211.66,172.65,304.4,335.4,9327.4
90.261,168.55,199.71,327.56,363,9345.5
72.261,117.99,203.19,291.78,373.16,8101.5
81.747,198.41,247.45,282.38,318.29,8415.4
96.395,155.99,220.62,294.71,341.93,9377.6
139.67,137.66,226.45,358.87,336.6,13225
93.139,144.24,232.29,331.22,373.91,9763.6
63.924,151.53,229.89,321.94,380.73,8214.8
105.64,164,236.51,377.93,346.52,10741
42.684,151.83,185.85,348.24,342.98,7052.3
99.473,167.64,234.12,292.12,361.94,9848.9
45.831,182.37,230.23,310.52,353.86,7278.3
51.766,162.34,215.17,312.3,360.36,7426.6
54.013,170.34,207.82,363.13,357.83,7823.4
36.761,167.92,191.87,322.49,333.23,6685.5
101.23,178.75,198.22,354.03,370.8,10334
62.204,136.05,214.74,300.91,316.36,7267.8
89.852,199.35,265.15,325.76,412.08,10177
104.1,138.78,230.68,321.28,354.06,10215
36.318,130.55,252.4,310.6,382.39,7280.2
75.588,168.99,215.12,329.79,366.79,8653
61.665,138.49,197.6,302.46,342.82,7426.5
91.794,180.53,209.4,270.42,391,9378.8
91.06,125.73,204.59,322.82,341.92,9087.4
91.482,129.55,249.48,323.9,319.47,9144.1
44.189,151.92,236.28,296.96,387.35,7412.4
76.431,153.47,216.19,315.81,362.91,8530.6
64.885,163.53,203.84,350.49,338.39,7950.7
53.479,117.59,263.86,345.24,406.06,8300.5
73.144,102.46,256.18,321.67,344.41,8316.3
78.315,149.41,230.99,313.21,338.07,8440.4
89.835,154.82,223.06,303.66,321.62,8843.9
115.8,142.71,193.7,315.94,337.85,10715
61.714,164.05,221.42,326.29,334.23,7694.5
119.14,127.32,242.67,303.71,380.19,11510
122.47,164.04,241.5,361.39,357.5,12052
97.27,153.43,204.4,333.18,354.4,9737.4
70.271,172.89,255.57,314.68,355.36,8389.2
97.514,201.23,195.64,319.4,356.54,9741
41.78,140.83,219.78,266.25,338.49,6551.1
100.23,122.22,241.53,310.26,365.33,9994.5
98.022,162.66,216.2,311.62,307.91,9273.1
110.26,153.2,234.53,327.23,296.95,10213
76.813,90.396,228.69,338.38,399.59,8978.7
64.252,133.68,260.48,283.25,332.74,7613.1
75.028,125.58,193.49,288.27,372.77,8178.9
82.511,172.01,229.95,316.17,396.17,9288.9
72.5,169.82,209.93,312.54,363.85,8323.9
60.253,166.51,247.63,343.02,310.22,7662.7
111.88,134.02,239.58,334.12,320.52,10590
55.799,159.25,240.17,334.3,352.49,7774
102.82,137.2,248.55,360.21,331.12,10270
83.626,169.74,253.01,323.36,366.51,9232.1
81.465,137.68,264.84,382.05,370.58,9551.9
114.52,167.54,241.48,337.74,326.04,10956
67.46,105.99,209.08,347.84,351.27,8065.2
47.208,143.1,226.26,308.19,380.43,7448.3
50.004,159.2,239.35,281.66,349.54,7161.9
70.022,124.32,246.6,275.58,364.4,8030.6
103.89,115.67,205.59,334.05,328.22,9865.2
90.376,107.7,258.8,334.69,340.04,9345.5
78.387,182.78,216.16,319.75,366.03,8757.5
128.72,141.33,202.39,321.29,352.25,12000
107.99,144.82,210.59,306.46,338.05,10149
75.556,102.53,196.1,282.06,377.72,8169.7
136.18,90.283,236.15,349.08,363.04,13023
116.06,181.64,176.78,294.97,329.49,10511
87.651,156.85,220.28,312.71,382.87,9350.1
55.012,148.14,185.64,280.89,340.94,6954.7
98.216,124.04,250.79,245.54,373.37,9529.2
115.38,118.94,191.42,308.24,373.1,10897
29.926,132.25,219.29,343.62,378.53,7169.6
71.107,185.18,212.51,328.77,334.14,8136.4
103.48,170.24,223.64,305.56,401.5,10548
105.65,157.11,182.34,340.87,346.39,10187
47.064,130.53,242.04,306.07,314.6,6853.7
123.88,155.94,256.7,296.27,377.41,11958
62.925,183.5,219.59,343.48,310.04,7672.1
111.44,117.08,197.34,315.13,369.73,10638
88.629,138.01,244.06,322.47,340.98,9156.6
57.869,127.55,230.05,339.57,349.57,7739.4
80.975,129.88,217.12,369.62,361.07,9086.6
93.885,121,199.34,292.57,351.37,9102.8
86.863,192.74,222.67,327.42,385.42,9525.9
63.915,158.32,254.6,298.02,321.91,7626.3
84.683,153.93,194.85,315.15,336.09,8613.4
50.224,167.7,197.29,300.13,310.95,6738.7
73.811,154.16,181.85,301.88,323.37,7750
91.384,144.33,195.6,323.82,349.85,9186.8
88.995,150.52,230.56,309.96,380.6,9427.1
108.66,169.05,252.27,367.61,373.92,11239
146.77,176.81,222.65,307.05,313.87,13401
86.529,132.25,235.99,319.47,384.43,9370.2
122.6,170.79,217.38,362.98,339.34,11795
64.28,169.45,243.46,291,337.26,7707.5
85.444,126.81,219.31,328.87,314.02,8606.5
135.15,190.22,275.3,353.1,366.58,13417
24.21,163.83,252.13,343.74,334.97,6889.9
79.076,132.95,244.16,314.62,373.98,8861.9
80.139,105.81,237.62,310.85,359.89,8663.3
107.85,167.44,264.28,286.13,357.17,10501
82.825,141.32,261.55,342.78,336.5,9017.1
40.181,154.34,268.37,305.67,355.36,7223.5
34.594,167.75,282.41,307.28,357.42,7215
79.201,178.86,248.69,316.37,364.87,8922
86.435,114.11,237.6,281.99,369.44,8923.8
86.447,97.77,192.7,313.37,362.65,8816.7
51.792,196.37,238.01,325.12,336.43,7484.1
87.551,124.35,238.3,331.61,344.36,9128.7
55.668,139.21,205.79,353.02,352.91,7685.1
79.668,148.72,289.91,311,340.22,8815
108.12,130.5,269.77,316.03,341.08,10523
103.27,195.83,230.13,383.34,336.98,10561
44.519,171.28,231.5,263.42,370.28,7042.5
83.075,185.32,214,303.61,330.62,8557.3
83.859,154.54,245.85,311.9,359.38,9025.3
44.18,139.39,270.42,332.72,367.84,7624
61.46,132.67,242.73,309.78,378.98,8029.7
132.1,152.75,282.61,321.7,380.03,12999
104.13,161.25,205.9,345.79,312.91,9924.9
76.557,130.78,237.81,341.83,328.53,8451.9
86.6,149.85,217.59,340.08,329.13,8940.7
102.19,223.43,232.28,253.55,285.28,9149.8
91.863,133.53,273.78,327.54,343.38,9553.4
57.218,106.64,246.67,244.91,368.17,7258.3
73.098,126.04,206.55,313.27,320.59,7829.8
72.783,144.44,251.19,306.99,363.25,8444.4
33.426,126.09,246.14,362.24,347.58,7204
77.931,136.75,203,302.13,352.25,8305.7
88.956,105.19,226.32,323.97,364.51,9245.8
106.13,138.35,204.16,272.11,303.29,9393.6
40.683,148.86,227.35,321.06,397.33,7524.9
124.27,138.85,242.08,339.15,344.69,11869
54.51,87.981,162.76,299.75,347.6,6879.5
111.28,195.15,261.85,322.7,361.7,11108
82.556,133.38,202.65,309.76,307.85,8178.9
38.838,145.16,260.56,374.79,352.8,7591.5
42.788,137.49,203.22,338.57,341.38,7027.2
88.217,128.68,229.68,348.01,338.89,9198.3
79.271,136.8,249.41,334.72,335.4,8682.8
64.093,115.83,199.23,335.91,353.35,7823.1
67.965,152.44,166.13,359.09,341.89,7966.6
75.828,136.61,226.26,295.34,343.33,8181.1
103.27,154.13,245.87,370.1,340.74,10488
85.386,155.62,215.52,329.01,367.26,9157.3
97.248,128.58,208.84,317.99,363.23,9678.5
95.853,177.34,236.76,373.62,362.08,10223
50.93,192.48,210.87,244.37,383.3,7182.5
62.157,139.48,249.06,299.18,373.91,7983.3
68.034,192.81,208.16,314.03,357.29,8103.1
60.935,148.48,225.1,297.78,359.62,7685.4
132.42,164.81,265.36,315.09,336.51,12507
110.14,183.1,213.11,328.74,350.36,10683
68.401,144.9,218.69,289.39,383.14,8135.9
81.617,129.5,216.41,301.65,333.23,8371.8
48.721,164.18,233.58,372.27,351.27,7758.4
60.321,151.23,236.85,292.18,361.01,7699.8
101.87,120.64,250,336.44,366.66,10343
69.198,168.56,221.53,308.03,339.82,7961
65.285,126.47,196.02,393.15,350.55,8261.4
48.279,167.91,229.74,278.28,328.91,6855.4
46.628,139.85,214.04,338.12,392.47,7686.7
57.714,101.64,208.76,316.11,360.12,7500.6
110.95,115.75,198.31,353.04,371.79,10890
94.773,139.77,232.5,328.05,344.41,9555.4
54.578,196.47,215.9,330.64,311.91,7278.1
38.466,153.05,203.5,357.13,352.63,7183.7
80.054,139.54,252.36,296.82,373.28,8838.6
61.07,134.52,176.58,283.9,362.91,7346
99.009,173.78,234.78,275.25,331.8,9428.8
53.898,110.1,235.68,297.01,346.69,7249.5
81.72,128.55,244.28,335.94,348.56,8905.2
98.563,163.47,189.51,347.38,339.45,9728.6
45.787,122.38,202.87,290.25,327.04,6602.7
66.825,161.65,238.55,314.46,404.01,8578.7
121.87,194.49,224.25,317.14,383.23,11917
73.814,119.56,204.02,312.31,297.88,7614.9
42.789,137.34,220.95,327.6,365.72,7270.9
49.253,94.456,268.31,315.54,324.08,7133.2
78.168,173.84,221.92,325.8,382.24,8951.7
88.866,147.86,209.8,296.35,351.25,8932.3
61.761,145.34,234.45,294.54,366.36,7801.2
111.09,130.63,242.7,311.56,334.16,10509
115.06,154.24,242.77,337.78,337.55,11084
95.382,171.22,210.61,316.72,359.92,9622.6
65.569,94.168,249.98,322,380.18,8253
61.21,138.56,225.63,310.31,373.23,7894.9
70.134,141.38,175.18,331.3,341.06,7884.2
35.061,126.91,219.92,315.69,313.28,6455
68.071,158.74,215.16,324.4,381.03,8361.9
102.11,179.45,213,298.6,390.81,10269
49.112,141.44,204.45,326.25,298.9,6747.8
63.674,117.65,268.94,314.6,328.91,7779.7
33.888,148,190.68,344.92,322.67,6623.4
114.47,172.55,263.99,345,311.25,10989
62.535,124.68,206.94,344.29,360.87,7946.5
71.849,132.76,229.37,325.73,319.37,7976.1
74.516,100.74,215.06,353.2,366.95,8609.6
77.816,162.76,244.6,332.12,352.44,8784.1
94.345,160.04,229.39,321.79,363.53,9696.1
73.443,155.78,210.22,364.72,335.46,8438.7
111.39,117.17,262.48,337.58,347.71,10914
91.41,179.96,263.75,322.23,373.04,9825
99.557,163.56,226.72,312.07,326.71,9613.4
73.043,182.55,197.03,332.56,303.88,7885.1
84.804,148.52,197.82,267.01,343.17,8349.9
32.206,143.54,222.3,332.25,359.84,7000.3
125.43,147.7,281.96,307.09,351.1,12024
77.521,185.15,240.36,379.54,362.75,9231.5
92.949,153.93,249.76,336.5,360.44,9771.7
82.131,178.56,224,333.02,336.44,8803.2
87.602,162.67,227.29,319.71,378.13,9400.5
51.663,68.617,247.62,350.35,318.83,7247.7
89.469,129.9,213.79,333.88,379.81,9485.2
78.85,169.92,274.48,322.28,331.54,8738.4
74.668,150.52,231.6,355.72,330.89,8489.5
69.987,121.89,227.93,363.65,394.46,8837.5
66.044,156.92,232.93,278.88,333.81,7584.6
90.352,192.67,230.93,296.34,368.07,9392
78.326,189.97,203.09,317.33,350.35,8537.9
52.999,131.98,207.89,300.72,335.77,7048.2
74.357,131.72,245.79,338.09,358.05,8636.7
89.328,158.37,187.9,293.56,336.48,8712.8
69.046,220.33,244.75,357.48,340.5,8546
97.115,144.88,245.86,323.17,366.54,9963
66.318,148.91,216.15,318.56,343.2,7863.4
100.35,133.76,216.6,285.97,373.85,9811.8
64.722,151.03,207.99,317.1,359.41,7900.1
54.787,143.87,259.58,305.05,339.85,7472.5
61.467,171.96,247.16,301.33,315.29,7476.1
76.39,176.11,251.9,321.49,348.85,8667.8
58.368,169.85,245.72,311.97,388.65,8111.8
78.394,138.98,201.77,316.08,398.57,8868.5
6.8121,120.67,251.09,294.66,354.34,6440.8
60.291,138.01,228.6,350.23,354.65,7976.5
95.642,124.42,201.28,356.9,319.55,9385.2
73.482,142.49,214.11,308.18,379.59,8450.2
54.972,100.83,230.7,305.01,369.74,7518.6
117.06,169.2,248.65,320.74,346.64,11272
86.817,167.11,200.99,363.75,362.85,9396.9
105.86,155.04,182.19,347.2,352.13,10296
79.903,152.9,210.71,354.45,344.72,8785.4
95.348,105.21,234.93,339.9,319.31,9370.7
87.261,173.11,245.75,356.03,309.57,9102.2
66.449,144,201.99,274.48,365.25,7684.3
76.076,156.72,213.44,319.52,390.87,8798.2
89.41,173.63,261.64,336.94,341.24,9478.9
73.062,164.81,220.4,317.5,302.71,7846.5
49.735,157.7,191.39,328.74,336.36,7113.5
100.29,173.78,219.34,313.31,331.26,9700.9
58.267,139.65,234.62,293.2,390.13,7863.8
23.643,163.57,251.89,291.19,346.98,6621.6
43.525,143.12,247.72,320,310.89,6866
137.82,168.8,266.08,347.26,405.31,13896
95.81,128.53,226.67,318.18,335.85,9415.6
45.635,125.18,241.45,340.14,368.85,7550.8
94.634,143.93,222.21,362.54,343.47,9738.6
94.503,134.83,231.18,336.64,322.28,9370.1
83.035,131.01,182.41,286.5,385.12,8668.4
86.587,138.27,231.94,337.61,370.79,9365.3
66.875,165.67,202.41,322.5,389.78,8328.1
87.54,156.22,222.73,318.79,330.12,8895.6
85.36,140.07,207.54,282.25,313.19,8234.5
63.27,93.85,231.87,304.35,331.19,7469.1
55.127,160.72,225.87,292.11,389.63,7734.6
60.012,142.69,202.13,309.13,380.99,7801.5
128.87,147.81,148.91,281.06,375.75,11696
38.622,173.46,243.66,291.13,381.01,7241.5
51.722,128.67,225.27,306.08,326,7028.6
81.563,132.06,222.85,382.93,327.89,8931.3
64.769,150.1,196.05,317.21,348.31,7734.5
82.994,189.88,233.93,312.45,339.51,8811.4
92.031,131.89,238.16,324.3,338.84,9313.1
92.334,188.48,256.68,305.59,336.07,9396.6
102.04,147.17,216.7,286.09,314.74,9396.6
41.996,130.52,238.78,371.98,375.5,7730
32.853,204.23,217.42,306.97,380.09,7142.2
71.053,129.43,220.92,348.97,337.66,8225.7
132.3,163.69,219.6,315.84,371.37,12598
113.23,130.29,248.1,321.99,322.27,10658
88.975,182.08,230.01,274.25,354.52,8994.5
109.62,117.62,231.01,282.17,379.81,10537
81.686,171.34,213.75,310.62,367.84,8850.5
98.639,157.5,217.69,334.27,317.23,9558.9
118.27,156.95,268,299.28,358.34,11398
82.739,160.11,255.33,310.1,364.13,9055.5
57.965,133.43,202.76,306.73,375.41,7631.7
76.557,147.3,222.89,303.86,381.53,8649.8
105.44,145.75,234.33,334.92,362.13,10518
80.838,174.17,212.14,350.49,351.33,8926.9
74.402,159.62,214.83,315.53,357.47,8380.5
47.724,133.09,224.41,347.61,369.23,7604.8
94.242,168.74,210.59,307.05,342.1,9305.8
65.46,148.69,270.6,333.82,365.24,8418.7
89.746,158.4,183.26,304.6,364.62,9060.5
78.227,137.79,243.04,318.67,316.1,8299.9
92.281,119.28,242.53,328.86,355.97,9517.5
88.749,153.93,246.37,293.83,309.8,8712.5
75.494,100.73,196.97,328.11,344.66,8177.8
98.969,98.884,244.33,274.95,335.97,9341.3
90.836,176.11,251.15,323.57,340.85,9420
69.788,172.63,242.33,329.08,399.86,8823.9
81.644,130.3,259.98,308.69,379.54,9086.8
87.126,126.93,230.7,281.47,330.91,8588.3
65.421,130.5,216.81,318.46,412.66,8445
69.72,191.75,224.65,372.93,389.2,8983.2
54.253,161.38,220.54,340.96,294.67,7118.5
87.025,148.34,206.77,321.06,323.38,8718
46.193,127.39,207.51,366.49,377.33,7667.9
19.426,119.83,208.82,310.42,358.52,6487.5
94.607,170.46,197.75,296.53,307.91,8868.1
67.977,126.75,218.85,278.05,346.55,7647.4
105.26,164.55,199.34,285.61,345.25,9861.6
104.95,213.48,225.32,269.15,365.75,10161
37.835,167.35,212.61,367.57,311.21,6925.8
56.159,127.73,249.77,350.08,363.49,7980.6
83.692,111.34,246.4,343.12,351.52,9066
57.887,133.68,227.9,289.47,343.94,7335.3
63.68,107.15,216.64,299.43,325.42,7350.1
69.928,148.87,191.8,382.29,344.9,8373.1
72.32,131.03,173.96,317.37,368.53,8122.8
105.87,132.3,224.71,357.5,379.6,10795
99.622,146.02,232.36,308.11,352.77,9826.4
92.628,93.906,219.34,300.87,394.52,9532.5
79.674,133.39,213.25,322.6,372.7,8782.4
106.32,151.09,175.38,298.65,353.44,9954.8
70.292,153.35,211.54,294.65,347.14,7902.3
64.918,127.66,187.94,294.69,358.98,7590.9
129.53,158.56,226.37,301.43,320.97,11794
90.118,145.28,248.94,321.09,335.15,9222.7
53.759,131.18,184.61,316.2,366.26,7355.4
100.62,86.22,219.23,294.89,299.18,9087.7
93.079,171.3,176.25,348.65,370.03,9623.6
107.89,124.74,195.9,356.19,336.19,10356
58.867,158.24,202.03,287.06,337.89,7224.1
124.75,116.72,256.35,327.1,344.77,11847
69.897,155.51,227.85,364.11,360.36,8588.2
74.742,159.56,234.06,300.26,332.72,8151.6
65.968,113.81,228.56,318.13,361.8,8004.6
57.187,163.1,283.61,294.52,311.83,7388.1
82.395,102.77,280.19,333.21,368.14,9233.1
88.616,118.93,215.96,347.63,368.55,9409.8
75.078,147.07,219.87,291.4,349.37,8164
79.992,138.37,238.58,326.84,359.56,8844.5
80.857,142.8,234.44,330.73,340.68,8728.5
97.221,84.1,237.51,306.15,361.19,9617.5
71.916,175.97,162.96,324.99,354.63,8071.4
85.07,159.16,236.56,308.9,324.78,8707.4
71.853,147.54,232.6,357.48,364.05,8676.2
66.48,135.82,210.67,306.33,315.43,7462.3
46.428,116.91,237.6,306.91,335.83,6988
88.355,155.15,250.58,303.41,422.54,9853.8
72.118,193.03,242.92,318.72,368.32,8611.8
53.154,157.73,224.98,320.17,331.86,7299.7
75.558,154.33,238.68,282.05,338.03,8126.4
92.419,118.91,199.36,296.32,319.88,8732.6
103.84,106.76,273.82,262.54,383.25,10205
58.669,139.31,238.13,292.09,317.98,7202.4
109.84,179.75,204.55,317.27,343.31,10461
73.736,190.26,259.96,305.38,331.32,8325.4
30.212,130.8,200.4,332.8,355.36,6779.2
60.291,155.39,167.97,330.11,343.03,7455.5
59.97,105.14,211.2,259.73,271.71,6370.8
44.284,152.61,238.66,385.06,335.76,7560.9
49.739,177.13,225.58,302.34,368.92,7454.7
111.56,167.46,246.82,357.61,402.95,11630
109.22,134.65,199.74,368.29,310.14,10333
60.861,154.5,226.67,297.67,351.85,7629.2
92.161,129.77,242.13,304.94,351.68,9321.9
65.428,165.95,208.35,353.94,378.25,8406.8
58.707,131.24,230.51,330.35,361.92,7835.5
34.672,120.3,215.5,314.39,354.33,6789.8
109.73,107.15,228.68,344.65,343.61,10607
77.106,155.47,221.86,311.34,405.14,8969.3
83.938,153.59,236.87,344.92,363.48,9254.5
105.69,115.16,170.83,337.94,351.96,10068
73.349,183.09,225.82,327.85,336.73,8326.9
97.142,130.1,214.23,346.38,376.62,10030
37.733,165.87,256.81,366.13,332.03,7332.1
97.918,145.46,244.78,312.75,354.39,9822.5
85.774,139.61,165.62,343.6,365.63,8977.6
95.788,174.27,224.17,298.7,304.69,9071.7
82.988,119.76,220.94,368.52,335.89,8947.3
72.598,163.61,255.83,321.92,338.81,8375.5
57.471,148.65,232.88,312.59,325.17,7363.3
84.304,137.18,207.69,322.93,317.38,8495.7
77.329,129.06,275.23,333.94,374.66,9061.4
36.017,148.17,200.13,313.59,342.29,6687.3
109.23,127.07,248.67,358.69,338.25,10764
111.54,156.79,214.64,285.72,352.01,10447
86.961,153.34,245.47,307.33,376.58,9331.3
83.852,174.63,249.35,345.77,340.52,9148.5
49.297,144.64,236.53,351.43,391.13,7979.8
83.664,147.35,234.01,348.32,346.35,9071.3
86.703,170.23,267.65,320.71,356.55,9371.3
80.072,178.91,210.12,328.25,377.82,8980.6
71.152,115,217.35,310.34,377.16,8282.1
79.931,116.42,262.57,319.17,343.55,8706.2
86.358,149.63,241.37,342.99,353.76,9301.6
83.85,142.72,287.01,330.65,326.39,9025.3
58.615,142.78,250.77,317.06,335.53,7615.9
80.902,149.23,210.04,322.28,365.34,8796.6
152.53,141.04,219.08,308.81,328.1,14032
111.79,113.13,197.81,381.03,410.14,11508
89.796,168.07,218.68,336.97,315.62,9028
85.119,164.96,234.64,379.45,353.65,9487.4
90.099,123.45,236.55,333.03,330.11,9145.4
38.72,125.52,219.15,293.39,377.79,6995.5
93.524,188.99,235.48,308.59,335.38,9379.6
77.889,158.62,203.98,297.39,346.2,8267.3
86.878,137.28,184.17,298.61,299.02,8178.9
89.714,140.65,216.95,293.12,350.52,8973.7
79.012,171.99,256.27,307.07,346.67,8695.8
89.005,157.64,234.39,300.18,366.02,9255.5
107.46,183.51,176,263.4,352.2,9853.7
87.74,133.88,229.48,301.58,342.38,8885.7
78.617,145.64,235.61,295.93,396.67,8906.8
52.742,130.35,235.82,318.1,368.46,7611.1
66.913,146.74,229.31,302.6,370.47,8098.7
109.68,158.92,240.24,329.51,334.27,10583
54.977,164.14,205.94,322.38,355.18,7521.9
84.425,175.51,255.36,305.91,378.65,9294.7
61.766,172.72,235.07,298.3,311.69,7373.4
80.936,158.1,241.52,342.47,326.69,8753.5
38.579,127.99,294.46,323.65,369.91,7518.7
71.747,142.33,239.65,337.7,389.8,8800.1
74.932,160.92,226.53,293.99,347.38,8221.3
99.766,114.58,194.44,320.02,367.98,9800.9
99.329,111.34,241.43,276.03,340,9425.2
110.22,163.9,211.76,336.47,338.19,10577
43.355,137.89,222.02,301.52,344.96,6912
18.443,173.87,246.59,315.33,331.29,6565.5
75.814,158.75,236,344.59,370.87,8890.8
130.79,138.8,204.46,370.12,348.69,12499
32.3,123.02,212.22,313.4,354.23,6717.7
84.237,159.07,214.93,349.68,325.99,8849.6
108.55,102.62,250.2,311.27,380.7,10735
100.79,159.5,251.21,329.6,336.39,10028
86.539,161.12,182.75,363.09,352.16,9167.9
64.018,124.96,227.47,320.28,364.67,7981.4
51.429,148.91,206.2,296.31,337,7003.3
113.34,185.84,220.71,368.77,315.4,10920
90.263,193.42,212.11,284.59,388.03,9399.6
118.61,170.04,213.83,350.07,366.87,11620
60.291,150.07,216.42,360.53,345.81,7930.9
80.444,169.68,192.99,258.43,364.21,8269.5
60.854,147.28,230.31,341.91,332.99,7764.4
42.491,139.54,213.59,302.02,310.91,6527.5
108.93,145.16,235.12,353.04,330.68,10603
91.625,176.94,230.41,350.6,350.3,9646.4
114,146.83,209.49,343.21,304.16,10537
33.787,173.78,234.76,334.44,344.49,7037.2
110.33,143.36,235.76,299.45,386.82,10861
107.98,149.31,162.17,275.53,334.48,9660.3
93.477,165.93,214.37,300.61,342.81,9231
108.81,110.49,257.94,285.95,391.69,10737
105.77,105.01,228.97,248.48,371.83,9902.6
89.695,133.28,229.06,307.01,326.81,8889.7
70.54,158.59,202.46,301.93,363.26,8084.8
56.941,167.92,246.16,355.94,359.56,8088.1
44.325,160.36,268.11,367.78,378.71,8015.9
47.868,120.6,186.57,344.18,353.34,7213.5
64.661,155.36,206.2,357.18,332.78,7928
88.136,152.77,211.32,314.93,349.27,9020.1
109.65,158.36,188.66,308.12,374.21,10547
82.445,192.86,231.73,288.42,317.74,8399.1
96.501,141.82,210.13,310.07,356.98,9550.9
70.117,165.48,226.84,335.88,351.36,8331.1
40.247,147,182.89,333.02,372.64,7132.5
116.7,153.81,226.95,321.64,345.91,11098
58.275,164.63,203.38,298.22,310.22,7037.7
34.281,165.89,225.84,324.37,316.58,6648.4
55.323,164.04,220.44,312.48,384.56,7817.8
57.805,161.34,218.25,339.95,353.49,7794.1
61.327,143.08,236.91,383.3,304.23,7826.8
44.595,169.95,208.14,262.35,356.33,6782.9
145.8,151.18,189.26,323.57,337.75,13421
59.142,187.12,193.29,339.62,336.56,7615.7
95.874,113.07,231.04,326.88,330.38,9416.2
46.21,155.46,204.02,343.54,406.7,7832.1
81.765,101.35,199.52,243.35,371.98,8186.6
100.05,137.97,234.49,312.48,338.13,9739
78.288,153.15,220.02,314.33,338.49,8403.7
66.591,123.95,222.66,335.97,425.07,8754
70.843,172.51,236.69,342.12,373.17,8683.3
76.294,123.3,251.66,343.42,285.32,8091.6
76.972,176.74,240.97,344.05,347.15,8787.3
73.015,155.43,194.89,323.37,353.9,8221.9
107.27,130.61,240.08,317.1,334.91,10259
33.35,178.02,194.46,303.97,372.21,6880.8
117.14,137.41,204.26,339.14,368.77,11321
59.248,126.75,236.98,278.15,367.44,7563
96.854,118.09,208.67,305.75,362.28,9532.2
117.33,153.18,255.77,306.53,355.07,11272
114.95,136.03,235.06,325.63,348.12,11010
89.126,126.43,234.8,347.5,352.7,9401.5
109.44,153.93,195.24,329.96,333.79,10324
106.97,143.01,212.95,281.06,377.82,10282
81.881,130.58,206.86,276.55,313.53,7975.5
88.484,111.76,170.42,324.83,370.33,9010.3
121.95,130.52,213.88,312.99,377.33,11639
61.575,125.06,251.97,379.62,309.2,7893.8
90.829,101.99,194.09,327.46,342.75,9006.5
92.62,137.32,220.76,348.42,364.09,9684.9
114.02,147.75,223.21,294.43,350.05,10702
64.735,104.71,268.98,323.38,296.58,7551
134.86,142.26,234.32,324.3,359.62,12803
135.05,153.83,203.63,298,326.27,12188
103.54,160.88,252.09,327.25,324.38,10095
105.97,153.98,257.28,306.83,340.03,10282
146.54,159.93,225.86,318.11,362.57,13898
70.061,147.13,216.75,313.2,398.22,8520.8
105.69,141.4,226.43,307.6,351.89,10196
75.252,168.4,219.04,347.11,345.62,8575.5
83.688,148.71,239.51,319.9,334.99,8794.5
90.555,164.59,206.24,317.6,354.76,9238.7
95.232,133.09,215.85,272.29,349.67,9140.8
118.9,116.5,185.9,293.11,321.3,10543
85.246,158.96,243.53,325.44,378.34,9379.1
80.719,121.63,223.31,288.47,351.52,8420.5
82.646,152.98,231.28,342.12,339.7,8905.8
108.77,149.69,190.31,290.09,327,9893.5
90.077,177.76,220.3,352.18,380.21,9797.5
72.217,174.01,251.5,354.55,377.34,8956
127.99,139.4,195.12,283.55,318.09,11303
122.38,134.63,270.49,268.98,360.23,11498
96.185,129.84,223.55,324.44,413.28,10208
57.541,190.19,195.84,286.13,373.62,7546.8
96.032,171.71,197.45,307.52,342.47,9368
59.519,135.01,216.2,308.26,324.03,7287.2
122.14,171.12,193.14,339.3,338.29,11457
76.508,192.68,276.73,325.57,337.07,8754.5
49.382,172.14,176.48,287.21,305.17,6468.4
76.049,194.36,189,336.43,373.49,8712.7
117.71,181.29,195.02,334.35,371.9,11415
101.59,136.22,209.1,329.37,342.32,9871.1
65.005,183.71,232.07,321.1,325.98,7819.4
82.093,147.51,227.84,318.22,301.61,8313.6
40.43,142.68,241.22,359.14,382.32,7700.6
75.223,117.75,240.14,325.66,304.12,8018.9
50.231,136.86,233.31,338.74,380.9,7790.1
72.357,138.12,191.62,337.66,363.61,8326.9
117.21,141.31,170.41,249.17,327.25,10132
89.026,178.89,192.04,310.3,324.48,8766.6
68.004,163.57,203.82,326.71,354.3,8074.2
76.385,154.2,248.5,320.67,352.55,8629.7
75.712,114.54,244.69,319.72,359.55,8545.1
86.008,151.13,241.09,331.74,350.68,9174.4
93.465,126.83,240.95,334.74,348.08,9567.6
53.802,122.69,252.27,289.9,338.8,7233.6
81.058,144.13,210.93,359.92,375.65,9162.3
122.32,135.74,215.49,345.6,363.91,11793
57.214,152.31,258.1,335.56,400.44,8368.5
80.506,187.08,234.36,307.06,327.72,8519.2
80.875,141.39,229.19,325.81,341.78,8675.3
95.472,159.02,192.72,335.05,397.25,9994.7
69.6,142.76,209.21,276.97,354.45,7778
57.163,148.11,262.47,299.2,359.21,7729.6
88.982,144.11,227.54,307.22,393.54,9500.2
68.528,133.4,245.97,354.64,358.35,8479.5
84.641,140.36,157.16,337.12,343.18,8611.5
81.607,124.2,209.1,320.4,342.84,8546.1
80.668,134.49,207.5,299.76,339.96,8336.6
90.524,127.59,217.21,340.83,355.76,9381.9
116.37,153.22,216.2,280.71,425.25,11481
47.464,138.97,210.42,358.17,366.52,7587.8
61.459,123.53,195.66,310.5,369.36,7683.4
102.05,147.91,280.5,314.02,330.82,10074
111.55,148.07,160.47,350.48,341.99,10515
85.423,148.66,259.8,296.89,385.22,9312
64.606,138.66,181.78,301.55,373.03,7753.4
85.939,168.75,206.83,285.03,345.27,8654.9
71.145,126.29,270.23,289.47,345.02,8122.4
86.84,195.73,222.42,363.2,323.08,9189.9
37.901,140.33,219.32,335.13,367,7201.4
101.6,111.84,273.79,349.73,324.71,10121
111.37,160.21,203.91,314.25,378.58,10842
115.42,129.11,213.02,336.97,326.58,10794
78.506,166.19,207.85,330.57,302.19,8152.6
123.17,151.51,164.69,271.94,357.44,11060
89.607,186.41,212.38,278.33,318.81,8642.1
98.737,125.83,233.46,283.24,376.47,9776.2
70.983,131.47,214.04,339.96,376.47,8497.6
104.43,164.71,248.59,337.28,371.21,10665
26.803,170.61,200.24,316.57,380.07,6923.8
65.946,160.83,216.29,322.86,348.29,7953.5
87.209,147,231.61,328.8,358.84,9244.1
72.55,141.92,239.1,349.25,397.83,8993.8
98.011,150.81,231.2,324.82,359.97,9910.3
67.7,158.43,267.18,308.68,350.91,8210.3
80.18,168.22,213.95,320.36,363.5,8789.5
82.592,160.14,198.73,277.87,410.63,8974.7
125.02,174.24,211.16,316.29,348.82,11734
99.251,148.97,217.73,300.37,357.92,9728.1
107.95,146.92,198.2,368.69,355.42,10694
120.3,130.53,238.68,314.99,368.14,11556
30.997,120.78,230.78,278.03,382.57,6798.4
91.229,127.03,239.52,317.29,336.93,9191.5
59.823,218.67,240.31,288.78,334.46,7574.2
74.682,191.39,248.18,265.55,332.01,8040.6
68.166,186.45,188.46,322.89,367.71,8156.5
76.532,119.92,198.35,341.55,372.61,8643.1
92.426,124.02,220.97,328.29,327.72,9155.2
84.639,109.95,207.31,319.79,378,9005.4
39.691,163.07,194.58,346.34,385.1,7426.3
54.499,164.69,222.71,300.8,345.25,7343.5
69.833,159.02,201.5,324.3,318.94,7783.8
91.133,170.04,223.35,308.52,392.82,9671.5
38.402,118.06,224.27,259.3,305.48,6067
58.644,143.01,212.82,293.45,344.14,7340
74.176,162.44,217.61,341.9,343.86,8446.7
95.996,186.09,229.72,345.69,404.46,10422
125.78,143.78,231.7,293.95,345.25,11641
49.167,145.76,226.98,317.99,329.38,7105.4
38.299,140.62,253.8,334.03,311.43,6850.7
141.25,172.56,214.52,309.34,354.98,13219
59.648,127.81,227,308.02,315.07,7243.8
65.454,101.51,214.95,325.62,309.38,7438.7
102.87,169.1,232.94,327.56,363.65,10346
112.84,148.6,219.2,355.52,358.09,11102
58.693,161.02,187.05,314.9,365.8,7610.1
88.201,151.02,231.54,341.45,399.48,9788
129.59,103.78,243.89,308,376.34,12336
47.991,148.16,235.6,310.78,378.27,7530.3
109.16,155.03,233.16,348.05,385.9,11122
108.94,198.67,226.49,300.27,339.74,10395
116.15,177.47,258.62,352.31,377.68,11788
89.012,153.11,240.4,260.33,336.98,8717.9
48.608,162.04,230.86,325.79,324.37,7151.2
55.586,159.91,263.6,351.28,385.6,8321.6
72.902,123.1,246.73,330.63,377.26,8679.5
64.015,168.2,180.38,324.64,349.26,7725
94.266,114.91,219.62,343.67,335.3,9424.6
125.73,161.97,216.95,290.16,358.05,11698
69.713,178.33,273.48,339.45,348.99,8580.7
51.171,163.08,202.11,331.26,384.42,7704.4
137.56,166.82,250.53,269.75,311.22,12344
77.355,143.19,224.47,303.2,336.05,8252.5
42.456,154.26,255.6,314.89,379.85,7520.4
101.49,191.57,221.09,332.71,399.88,10622
70.731,156.28,243.31,312.47,339.72,8146.6
56.37,161.61,198.75,285.7,324.72,6982.9
47.398,166.63,202.25,307.63,348.48,7078.2
36.85,157.08,217.08,335.77,374.55,7278
78.61,120.53,206.62,273,336.4,7966.3
97.215,175.85,243.3,309.67,315.6,9446.9
59.374,184.33,210.42,280.6,351.18,7427.4
90.266,160.38,216.34,339.9,346.59,9342.6
82.842,161.48,186.44,293.79,312.19,8105
117.16,135.61,270.24,307.83,303.07,10806
77.801,131.18,245.36,354.57,366.36,9006.3
112.2,172.38,221.03,353.12,344.46,10970
41.389,167.52,226.24,327.61,346.15,7140.6
89.562,111.97,204.13,351.02,347.92,9218.6
105.29,133,232.5,331.3,358.99,10414
58.14,121.09,235.76,320.8,293.57,7098.6
64.508,141.69,212.4,328.44,375.12,8121.4
76.511,170.99,202.08,335.89,405.37,9049.2
97.517,150.97,225.04,345.42,330.68,9713.7
84.004,162.98,178.62,315.51,326.4,8423.3
77.907,166.71,220.62,289.7,334.54,8205.8
54.181,120.4,249.98,327.26,333.8,7447.3
79.178,197.18,272.79,321.32,341.8,8900.3
72.165,172.11,181.16,285,330.75,7656.9
79.089,123.86,250.51,289.5,404.68,8988.7
31.698,142.45,240.64,289.63,333.73,6530
70.735,191.79,206.42,325.65,360.58,8332.3
120.62,107.81,192.88,367.31,366.71,11655
97.735,109.06,253.3,321.75,379.87,10077
78.946,152.44,220.92,326.31,297.83,8139.4
27.157,149.96,220.29,328.62,316.35,6463.7
57.846,124.62,260.29,317.53,345.2,7687.8
72.091,180.62,222.43,298.69,339.06,8058.1
88.293,158.92,218.3,371.49,375.95,9732.8
92.092,171,233.52,330.41,384.67,9862
82.11,164.36,231.15,289.32,287.81,8034.1
68.784,170.96,218.59,354.47,339.55,8258
85.375,115.21,225,289.56,351.55,8684.1
82.571,170.3,236.39,271.35,354.87,8611
90.528,169.61,253.26,357.85,334.08,9575.1
58.017,124.58,174.79,299.05,303.13,6729.5
96.922,114.47,223.76,312.07,367.76,9701.9
70.65,144.58,235.86,330.06,347.52,8276.8
73.841,151.44,215.39,365.15,342.02,8540.3
59.058,160.75,243.63,327.72,376.05,8099.3
91.916,147.92,189.23,268.41,369.25,8988.4
76.798,171.8,211.32,324.47,331.23,8326.5
109.76,125.88,245.86,305.36,306.29,10105
126.83,133.98,203.76,334.16,313.66,11550
55.552,168.54,241.15,300.04,345.86,7485.4
28.557,138.6,218.69,314.11,333.14,6513.3
86.791,134.44,194.85,306.5,332.31,8594.1
49.456,160.2,251.61,379.66,305.86,7485.3
95.951,96.035,249,336.23,355.92,9782.7
128.41,168.37,260.17,313.97,400.6,12736
73.362,126.21,185.48,272.11,315.45,7396.4
86.586,182.67,216.72,286.01,379.15,9103.9
63.659,126.93,259.52,360.13,322.05,8009.2
60.719,167.89,239.47,331.84,362.57,8062.6
77.207,148.52,205.1,292.61,357.62,8289
93.762,157.92,218.86,347.68,332.77,9491
67.853,100.95,214.61,330.95,300.73,7499.3
113.08,128.01,206.78,343.37,370.4,11041
73.183,178.42,255.37,316.12,330.28,8313.7
95.898,135.85,244.29,290.67,350.33,9470.8
73.264,145.8,218.93,329.05,371.9,8545.9
95.673,114.32,232.94,321.19,340.01,9467.1
94.258,150.58,214.39,317.51,331.69,9259.5
115.96,110.76,195.95,349.04,350.3,11019
106.48,145.9,239.7,301.01,345.95,10226
60.323,86.303,235.88,327.66,399.95,8168.2
98.384,144.09,193.45,324.88,341.73,9555.1
139.93,182.69,221.5,317.13,307.62,12756
77.55,138.3,225.4,330.91,294.97,8061.3
123.15,112.93,211.75,298.95,360.63,11430
45.822,144.14,237.24,335.6,294.71,6840.8
77.242,169.22,200.54,298.15,355.01,8329.3
61.372,112.9,269.34,287.81,365.67,7833.9
49.254,189.68,234.28,345.64,377.43,7898.4
69.405,151.25,199.64,338.36,356.1,8189.5
51.669,141.3,246.68,296.6,379.49,7606.2
110.26,136.76,225.92,334.98,355.77,10747
76.267,169.89,185.92,324.51,414.88,8962.1
76.627,151.23,245.16,319.64,403.91,9100
112.45,119.64,233.87,337.81,383.85,11200
115.01,132.7,227.07,292.88,329.09,10554
116.29,152.42,219.44,348.35,335.63,11115
93.597,145.34,209.08,291.69,334.96,9027.2
81.078,128.13,253.25,321.5,319.73,8537.9
114.54,154.81,198.75,329.93,292.59,10339
94.571,180.18,237.04,319.36,354.74,9694.5
71.007,175.91,169.28,296.93,346.93,7787.5
102.83,170.28,224.36,353.1,318.79,10055
92.588,180.24,241.06,341.99,367.4,9870
83.637,179.18,280.19,302.22,329.13,8886.9
84.565,159.22,192.63,320.67,350.68,8785.4
99.839,133.01,174.65,333.15,363.52,9797.8
86.204,123.97,180.1,336.17,335.48,8701
87.437,147.91,187.14,302.1,358.98,8846.5
70.699,147.56,223.38,311.86,309.18,7729
95.059,131.68,205.18,240.16,377.01,9105.3
122.26,102.19,237.93,300.07,383.07,11686
116.59,126.27,208.53,379.16,316.51,11059
60.131,160.63,211.18,311.01,372.13,7822.1
114.35,104.36,226.76,281.91,362.96,10681
92.063,124.05,246.17,344.44,358.27,9665.3
78.468,143.52,228.3,293.72,314.62,8060.4
62.146,153.76,168.04,325.8,355.58,7618
80.026,164.54,208.39,320.31,340.11,8521.5
45.217,160.88,258.38,320.66,371.4,7591.8
78.349,166.49,179.01,311.04,322.66,8055.3
85.354,142.47,194.67,332.15,343.18,8812.7
42.043,142.04,204.55,305.77,334.17,6722.4
75.85,151.12,199.14,295.03,351.09,8149.5
89.054,135.19,257.92,367.39,353.5,9682.8
90.224,184.31,185.67,336.43,372.3,9459.1
130.8,149.6,202.11,307.95,353.53,12118
43.929,159.56,262.23,323.74,364.1,7521.9
53.736,135.21,231.11,340.47,326.09,7389.1
78.997,133.3,231.51,335.71,332.65,8550.1
89.348,195.57,197.21,364.96,346.49,9446.3
76.74,185.91,239.05,378.1,361.7,9165.7
96.091,144.35,226.44,334.3,378.05,9984.4
56.261,129.22,233.29,382.14,318.55,7703.4
63.657,169.79,265.84,328.09,373.65,8403.4
60.141,150.45,203.88,314.81,344.84,7529.3
110.28,184.06,212.44,320.62,370.85,10830
71.853,154.09,191.35,290.62,351.95,7893.9
100.36,178.8,264.8,313.54,350.47,10132
110.28,147.52,288.52,358,371.11,11399
112.61,132.13,222.35,295.58,361.3,10669
66.554,154.08,219.57,372.17,336.66,8219.9
74.439,152.01,196.95,323.24,358,8333.7
57.448,178.65,226.42,321.82,359.19,7787.1
48.17,89.944,223.02,380.3,365.82,7712.5
110.57,155.42,201.55,359.51,360.87,10910
93.261,147.42,202.06,358.51,345.14,9544.4
86.027,150.05,217.2,330.98,305.63,8617.6
68.086,140.05,214.41,300.7,361.1,7958.9
101.48,131.76,204.61,293.2,321.01,9371.6
52.934,175.8,209.54,335.46,391.88,7934
30.455,133.77,229.73,332.11,379.8,7167.5
88.855,148.87,195.87,359.21,322.51,9034.4
95.844,128.58,209.87,311.84,309.35,9035.7
98.774,119.54,198.76,306.8,391.88,9901.4
118.61,150.31,245.21,348.06,365.48,11707
87.756,93.124,214.43,307.34,302.97,8383
71.48,116.98,221.87,360.75,322.67,8163.2
79.177,154.77,213.57,330.23,357.41,8714.5
14.861,163.55,279.84,325.91,342.88,6855.5
90.996,151.16,205.03,350.63,342.07,9341.9
63.692,151.26,203.12,316.05,385.12,8068.4
114.93,156.67,206.42,310.57,358.16,10899
99.926,142.09,248.31,300.13,395.42,10268
86.423,129,213.04,335.02,377.51,9284.3
118.3,133.25,252.1,346.88,347.94,11503
58.364,152.44,235.84,337.57,380.28,8123.1
66.097,127.52,201.44,313.48,337.73,7642
85.283,140.31,257.48,323.75,373.24,9349
85.009,210.92,225.06,303.33,379.01,9240.3
118.77,179.7,212.99,312.39,337.77,11107
70.437,133.72,255.12,308.26,422.02,8894.4
72.592,111.9,214.58,329.36,320.21,7923.5
47.683,125.4,236.43,291.67,355.73,7122.9
70.271,126.16,254.69,315.58,356.5,8295.3
56.073,139.59,244.9,367.15,350.48,7976.7
116.29,161.72,202.89,306.5,340.36,10801
113.36,129.5,222.27,329.2,346.48,10817
72.294,190.7,202.46,382.37,365.63,8834.3
59.811,97.726,253.2,314.88,361.83,7808.3
60.58,139.06,255.23,313.27,338.38,7709.6
92.946,166.55,255.72,305.34,335.07,9368.7
96.393,142.3,269.27,354.81,347.5,10071
82.828,161.56,234.42,329.6,338.03,8847.2
68.044,114,198.73,330.63,359.84,8017.6
57.2,185.77,246.14,297,348.66,7618.1
71.364,152.69,278.08,323.18,357.13,8586.6
80.181,67.636,248.08,313.77,331.3,8380.2
71.641,152.78,229.44,281.53,332.91,7828.5
35.403,127.2,206.94,302.87,321.73,6387.7
129.51,113.37,221.15,323.7,400.16,12573
66.836,132.23,206.48,356.85,352.2,8156.1
121.46,129.09,234.55,339.33,376.58,11880
76.755,192.16,198.36,294.77,326.15,8046.6
101.66,149.01,203.3,378.21,301.56,9833.1
65.145,140.3,232.29,342.18,378.96,8380.8
47.382,150.95,251.05,318.86,364.72,7523.6
98.364,126.91,212.6,371.07,377.88,10282
86.194,155.7,237.97,302.04,330.12,8774.1
114.26,118.78,166.33,340.24,358,10766
64.012,136.77,215.54,351.19,339.35,7925.1
90.694,175.27,240.58,333.97,362.13,9631.8
83.855,151.02,198.93,313.38,369.57,8886.4
71.989,153.43,205,324.42,322.03,7922.5
93.244,198.32,197.01,345.13,353.56,9619.4
73.743,137.03,194.88,269.15,335.45,7657
100.5,125.45,216.35,335.18,371.49,10127
81.291,103.51,219.75,305.97,342.71,8432.3
68.351,177.6,237.31,363.16,332.67,8344.2
67.892,133.36,225.45,287.52,347.3,7766.2
113.24,92.69,238.62,336.83,317.63,10586
115.69,170.26,277.06,350.45,378.56,11824
68.635,105.58,217.75,345.44,365.05,8276.5
86.761,154.15,207.86,307.44,352.25,8899.8
118.06,138.05,207.75,325.33,361.82,11250
122.41,152.98,255.82,334.15,319.04,11536
97.226,157.2,239.88,301.55,349.36,9651.7
95.529,154.25,228.89,329.03,361.17,9785.2
86.333,103.79,247.56,304.32,370.32,9111.1
113.34,123.49,210.12,313.02,318.45,10359
109.96,121.85,206.09,333.64,335.71,10389
34.03,154.86,190.68,353.21,372.73,7177.3
113.19,167.96,256.81,367.76,309.8,10990
84.642,161.86,212.92,314.22,330.25,8658.7
100.68,150.15,194.68,329.41,296.96,9336
100.61,144.05,210.23,288.91,347.14,9587.4
98.474,181.67,260.66,299.72,344.75,9838.8
88.797,133.6,212.45,306.11,301.99,8509.4
73.208,112.26,231.29,292.07,319.86,7772.5
83.832,133.65,231.05,307.99,361,8888.8
78.658,135.93,232.49,408.1,346.62,9187.9
53.506,93.445,262.48,370.72,377.88,8151.4
68.502,130.63,269.3,280.03,394.82,8409.9
90.159,129.34,187.08,321.25,352.06,9037
108.65,130.87,213.09,262.61,343.45,9919.7
64.105,137.05,205.59,301.83,352.81,7658.2
87.36,145.16,225.9,301.34,350.52,8946.4
65.207,195.66,247.41,332.09,332.8,8076.1
99.911,169.07,215.94,316.29,382.11,10152
64.241,129.69,221.92,321.02,354,7877.3
92.674,183.09,258.57,318.24,354.65,9681.5
42.863,139.68,197.51,324.52,365.84,7138.7
88.139,143.37,215.44,309.29,345.1,8940.2
39.912,200.34,224.07,266.28,352.14,6787.1
50.773,117.23,223.46,288.02,342.32,6988
83.594,152.32,221.47,310.23,392.92,9188.9
62.561,187.21,199.84,279.18,340.38,7398.9
102.96,134.95,173.01,305.26,355.52,9734.9
88.836,121.93,193.37,342.6,339.72,9005.3
59.106,148.26,240.72,347.97,358.04,8029.7
97.539,146.93,254.86,345.51,351.15,10053
55.893,147.75,198.96,335.02,361.03,7628.4
55.322,131.48,215.43,326.88,348.23,7474
44.725,110.97,223,328.12,358.47,7213.2
51.933,128.08,212.58,315.57,371.64,7471.6
125.53,181.69,253.11,329.51,319.29,11820
87.452,168.95,232.93,304.37,306.76,8646.8
95.207,152.72,225.7,328.93,363.91,9770
146.69,156.8,202.59,321.73,372.73,13909
65.68,111.76,206.94,310.14,363.8,7839.9
98.115,128.58,212.4,325.77,342.16,9608.4
59.157,129.78,185.22,350.31,337.71,7531
56.034,182.46,221.78,306.05,346.88,7489.4
78.924,165.56,253.67,281.64,332.14,8345.1
25.91,94.428,194.46,322.92,382.45,6772.3
84.501,163.36,205.57,285.96,365.69,8754.2
102.83,138.64,262.86,300.76,398.31,10565
101.88,123.58,192.67,359.04,378.37,10331
99.936,130.92,236.38,352.92,332.13,9954
125.27,134.26,200.06,308.12,359.01,11647
65.773,146.84,210.37,288.47,376.51,7909.3
88.255,126.64,231.09,304.02,350.03,8998.1
99.932,172.48,232.38,323.41,338.87,9883.7
61.897,170.24,272.86,328.24,338.27,8029.6
121.74,169.45,260.86,325.82,384.15,12105
78.083,133.69,197.99,344.97,330.16,8374.1
74.777,151.67,245.11,328.86,327.42,8343.3
107.66,113.61,217.33,293.09,358.26,10186
69.044,132.96,218.82,324.61,337.28,7951.8
73.301,143.96,196.06,334.7,306.41,7844.2
79.163,130.9,244.37,330.12,342.27,8670.8
94.547,179.32,264.67,358.63,344.16,10008
59.544,161.6,245.96,358.8,337.45,7985
100.73,162.38,242.66,311.54,371.7,10196
77.4,139.61,214.77,332.15,394.38,8957.3
72.891,142.82,182.34,330.85,365.52,8286.8
103.96,132.56,216.41,299.85,375.27,10169
91.706,150.64,181.18,299.19,349.84,8973.7
82.806,98.845,248.47,325.23,325.6,8625
67.064,163.59,203.04,364.45,341.1,8168.6
88.758,161.93,196.97,325.02,335.4,8944.8
45.924,138.71,258.66,339.01,341.23,7407.2
67.104,150.86,205.6,317.09,346.2,7868.1
76.211,137.41,228.4,332.1,392.62,8942.6
71.335,171.76,238.5,306.58,386.74,8592.3
68.606,190.03,251.44,320.17,343.14,8251.7
113.62,158.59,190.1,330.15,353.53,10814
107.16,172.43,215.02,292.26,306.06,9769.3
77.087,168.76,231.79,339.2,300.4,8249.3
82.116,144.13,234.53,356.38,347.32,9046
63.534,184.47,213.84,270.63,324.52,7293.8
38.964,162.35,236.12,314.68,357.3,7127.7
68.545,139,218.51,355.53,375.01,8518.6
76.071,124.42,226.01,364.64,351.67,8734
83.474,131.22,250.97,326.83,377.89,9258
113.86,187.8,258.73,338.95,345.87,11237
71.273,112.81,222.76,315.37,356.09,8145.4
86.887,153.7,214.82,316.24,341.01,8896.8
68.949,171.49,261.09,298.13,353.89,8220.7
93.878,160.57,218.15,331.4,401.44,10039
95.384,151.14,241.7,302.39,340.43,9447.9
35.852,104.15,217.14,330.92,355.69,6919.2
96.01,166.21,240.25,361.22,316.99,9708.4
20.573,175.27,227.4,281.82,367.86,6610.5
43.95,168.72,227.39,345.47,376.89,7642
84.558,202.83,193.74,363.04,324.7,8942.5
117.22,150.21,215.02,353.85,364.77,11477
125.21,143.39,250.74,316.85,385.52,12234
92.546,181.63,265.38,309.3,380.84,9890.7
63.268,182.24,224.31,367.43,391.33,8650.8
94.858,147.34,234.72,306.42,348.06,9471.1
81.851,194.35,225.14,317.92,350.67,8858.2
26.286,149.28,248,327.38,353.61,6933
54.483,135.44,237.31,355.42,313.21,7431.6
82.314,109.67,190.69,301.75,355.02,8442.7
43.981,99.337,263.93,310.61,322.92,6909.9
118.04,182.58,195.13,308.25,370.11,11243
50.143,132.19,228.83,348.6,393.13,7939.9
52.036,168.49,230.66,335.35,322.04,7327
79.25,151.27,207.23,328.09,342.41,8520.4
115.25,122.03,228.94,323.47,369.86,11162
19.964,159.01,236.03,359.05,355.92,7041.3
72.668,160.11,259.51,303.47,377.03,8622.9
95.947,156,221.17,362.25,343.36,9842.4
52.59,154.25,210.03,309.8,370.57,7490.7
78.441,130.91,216.42,328.51,338.52,8443.4
109.34,217.7,229.31,339.91,331.67,10686
111.25,113.35,219.72,303.84,318.62,10162
101.07,154.67,223.89,341.48,357.25,10180
62.613,140.61,179.52,323.7,338.68,7490.3
102.51,129.12,200.46,345.81,350.73,10071
49.973,136.85,258.68,289.97,369.65,7458.2
80.017,156.43,223.1,332.36,330.65,8572.3
24.286,137.74,220.59,329.02,341.28,6627.5
51.358,161.75,199.17,328.65,355.65,7400.7
113.2,109.02,252.98,324.33,343.94,10855
77.095,114.2,248.22,316.72,325.73,8290.8
54.911,170.22,225.77,318.76,395.62,7993.2
105.3,159.17,203.05,324.07,345.53,10146
84.46,154.92,241.39,286.27,339.2,8664.5
49.622,135.24,197.99,334.88,333.62,7109.3
42.71,153.53,196.85,301.23,334.74,6701.9
77.845,190.37,224.02,323.18,383.71,8978.5
125.65,179.22,203.29,307.67,358.09,11786
41.758,140.33,260.64,339.05,312.27,7022
61.274,142.52,261.78,342.03,341.55,8012.9
80.07,130.92,213.66,303.5,359.95,8543.9
126.65,128.07,235.89,308.79,345.56,11809
121.08,144.94,226.68,277.94,362.1,11273
74.809,140.09,229.53,295.57,379.27,8497.4
63.084,147.69,212.18,322.03,375.56,8031.4
84.029,161.59,198.27,351.9,361.97,9117
104.48,200.62,219.43,310.95,342.29,10142
69.201,168.88,202.71,307.84,326.93,7742.4
47.153,199.48,188.41,311.34,354.24,7156.2
101.69,146.76,222.3,269.39,344.98,9569.8
51.772,163.86,226.91,329.73,325.74,7283.8
76.122,119.01,220.44,313.09,359.87,8409.4
70.393,133.58,201.85,343.6,368.34,8360.7
93.555,176.88,178.57,289.4,375.65,9312.6
64.555,74.246,185.85,310.05,364.07,7599.6
74.38,155.93,187.6,338.08,370.33,8514.7
102.44,131.03,199.06,355.89,319.68,9838.4
89.967,123.69,245.03,302.57,376.97,9411.4
85.987,135.6,178.95,368.55,340.07,8981.7
88.586,124.34,204.82,310.04,352.73,8947.6
84.952,168.72,195.59,349.13,316.1,8716.4
54.368,156.65,214.97,301.88,327.36,7118.3
81.704,176.65,192.29,325.03,384.94,9019.4
95.724,109.66,185.24,313.47,378.1,9525.5
99.64,165.32,176.96,335.11,336.47,9626.3
106.64,162.37,192.45,327.36,365.78,10411
95.339,173.29,215.22,309.63,334.31,9354.1
30.067,151,223.09,309.02,326.84,6497.8
112.64,156.87,256.24,339.78,359.54,11196
117.97,170.31,221.14,315.59,381.9,11506
82.145,162.3,198.2,311.81,372.28,8827
82.133,144.64,260.71,262.77,379.69,8827
85.503,138.94,265.82,333.82,351.08,9261.3
55.968,108.12,239.03,365.87,363.53,7986.1
90.78,160.94,195.4,275.44,344.95,8797.7
112.22,139.49,230.45,272.1,383.7,10744
100.08,145.14,209.1,313.81,302.62,9300.1
75.638,192.99,252.26,326.01,315.38,8382.9
123.64,149.35,237.54,299,398.7,12047
76.875,153.8,194.25,358.91,353.48,8658.1
69.6,104.01,205.74,339.89,386.18,8419
122.56,159.1,248.81,350.19,329.99,11745
61.241,142.52,191.58,383.02,343.76,7966.1
90.919,164.4,246.35,346.99,339.89,9530.5
30.94,169.21,182.37,297.54,366.3,6645.2
49.91,101.21,223.89,357.9,331.81,7318.3
68.82,162.39,261.15,344.67,337.1,8363.6
91.676,145.94,265.24,345.55,345.46,9673.8
91.847,169.14,229.26,308.76,345.74,9297.3
90.598,124.54,206,319.15,374.59,9348.4
39,155.94,239.94,308.39,330.6,6834.9
75.268,142.61,261.93,304.48,315.84,8150.3
98.232,86.834,228.56,364.82,317.17,9641.2
95.195,183.04,222.22,339.06,365.49,9907.5
123.6,158.27,221,342.09,337.67,11704
62.326,139.04,181.54,304.67,332.73,7293.6
53.313,134.67,265.58,308.65,292.32,7001.1
79.818,139.07,234.08,286.85,344.44,8387.1
61.771,158.66,201.23,312.72,344.21,7581.2
40.409,142.21,259.09,308.38,371.34,7326.1
101.9,170.38,242.68,343.27,320.01,10027
110.34,102.64,244.37,334.38,359.99,10805
76.596,114.4,198.97,332.11,379.12,8632.2
82.96,165.06,196.86,305.9,356.55,8680.6
114.66,187.43,252.79,299.06,290.85,10462
93.975,123.18,190.13,272.08,330.28,8721.2
87.986,136.7,223.11,346.66,367.53,9432.5
102.7,182.26,247.56,347.07,378.99,10722
91.019,172.45,202.4,323.28,361.79,9372.7
84.44,121.4,240.1,345.6,385.64,9441.7
55.33,149.99,201,349.66,341.13,7536.9
49.239,161.49,189.3,332.55,362.5,7370.7
104.21,129.34,220.74,367.34,365.87,10589
42.398,174.56,204.65,253.16,339.41,6485
94.835,177.9,240.33,297.66,366.41,9680.5
47.746,149.02,257.22,325.04,355.27,7515.9
122.21,143.83,246.15,297.21,336.09,11351
46.509,132.18,217.2,299.98,337.86,6892
63.5,122.92,206.56,298.98,354.88,7604.3
60.706,157.21,221.32,336.41,338.87,7752.4
85.292,156.66,203.25,296.41,350.11,8698.2
71.935,151.54,257.98,301.5,380.05,8574.5
97.691,126.39,261.05,289.74,336.97,9518
57.777,117.96,287,311.14,378.22,8074.5
76.815,148.33,250.14,311.99,364.39,8698.3
92.018,131.11,222.39,318.69,350.31,9300
60.812,145.09,229.88,316.12,359.68,7827.1
53.512,148.31,236.61,314.6,349.27,7476.3
121.12,131.81,243.14,362.86,380.36,12105
48.599,121.33,236.85,339.95,380.09,7718.8
80.782,130.52,209.87,324.84,325.67,8387.1
86.945,139.11,237.01,326.72,346.99,9110.4
114.47,161.47,209.25,283.36,299.19,10135
106.36,168.94,221.35,321.26,353.95,10397
82.221,185.9,230.24,358.55,319.45,8875.4
84.794,184.84,223.34,314.57,278.38,8281.5
46.937,176.82,182.86,346.22,357.51,7347.1
68.099,154.47,177.97,326.6,325.27,7649.6
79.041,152.67,189.3,295.28,335.33,8122
105.57,133.64,254.69,334.48,325.62,10253
86.222,184.97,247.94,314.02,373.25,9388.3
51.422,163.47,215.87,290.33,310.64,6792.3
88.209,153.94,226.43,329.09,318.08,8907.2
115.45,101.33,181.44,301.4,352.62,10569
107.14,154.75,207.11,348.53,338.92,10398
113.1,162.07,222.11,292.5,360.73,10747
59.771,162.23,260.89,324.08,370.24,8137.9
67.158,143.42,182.36,368.91,367.21,8301.9
117.52,145.54,224.61,337.94,335.1,11144
49.119,155.2,238.35,336.05,356.2,7566
68.557,155.99,248.17,351.13,346.48,8405.8
46.453,140,254.87,355.73,345.71,7568.3
47.493,148.01,222.73,317.75,378.82,7503.1
50.569,149.37,241.21,330.35,379.37,7796.3
124.69,124.4,195.64,347.86,335.67,11612
96.588,148.73,214.74,290.75,366.52,9549.7
62.441,142.23,263.34,384.44,335.78,8314
106.57,131.68,186.23,317.23,314.13,9741
60.318,108.13,242.09,353.94,349.22,7952.4
107.64,192.42,204.1,318.1,340.19,10302
96.943,180.21,197.54,299.97,322.71,9205.8
28.595,191.01,210.17,334.98,333.33,6739.8
81.836,101.55,208.22,341.22,348.3,8701.8
43.426,127.97,233.43,300.91,352.05,7012.6
72.316,138.28,205.42,346.2,329.63,8132.4
72.572,137.57,200.34,318.46,345.14,8068.9
93.554,166.54,239.47,271.55,328.37,9021.9
88.685,174.75,240.65,304.86,367.35,9352.8
96.901,151.47,248.6,328.75,319.3,9567.7
66.266,174.46,220.5,344.85,354.16,8231.7
82.024,164.1,231.63,325.06,360.29,8973.7
72.629,150.66,218.58,342.93,364.02,8546.9
63.626,140.89,249.9,317.31,364.53,8092.2
82.953,178.13,231.3,311.45,350.57,8867.1
125.28,145.07,215.65,320.41,321.7,11484
36.427,133.5,219.35,383.71,309.32,6943.6
69.233,103.45,201.92,308.28,361.31,7920.9
61.64,188.89,207.31,328.5,345.72,7801.5
90.905,166.65,183.67,336.8,371.51,9445.5
61.668,154.3,203.5,334.57,345.04,7741
107.99,169.35,207.72,350.08,381.99,10917
48.759,138.76,249.27,313.26,344.75,7301.9
94.296,234.8,253.4,327.73,355.78,9953.7
71.322,114.57,180.35,354.68,361.74,8268.4
114.9,142.84,248.72,295.37,395.72,11330
71.691,154.26,247.59,291.75,394.69,8586.5
82.257,163.83,200.25,328,351.65,8765.3
91.491,114.93,222.01,339.29,362.43,9489.5
37.98,152.71,221.84,321.17,377.95,7250.1
87.56,136.15,243.11,317.58,337.08,9012.1
94.3,133.35,196.7,343.5,364.62,9630.2
89.291,151.65,234.36,290.94,322.08,8775.4
48.101,113.88,257.94,321.68,305.59,6954.4
101.78,133.62,234.56,309.29,374.87,10175
97.046,164.7,217.69,281.28,344.12,9351.1
105.33,186.84,288.99,284.01,354.26,10447
93.076,167.9,255.07,345.9,362.05,9920.3
71.847,136.4,230.11,333.06,346.2,8295.3
41.474,126.21,222.76,277.14,365.23,6855.7
116.55,164.32,272.25,304.66,317.52,10949
71.426,166.51,250.85,373.43,358.96,8855.8
59.413,172.17,259.48,340.99,376.69,8320
91.331,125.19,249.8,293.48,326.95,8982.4
64.627,98.483,190,276.37,331.04,7126.7
57.762,125.34,245.01,338.56,355.3,7853.5
36.612,144.35,240.17,330.14,384.38,7414
38.334,135.84,212.22,352.87,339.96,7034.5
78.919,148.67,215.4,344.83,362.57,8848.5
50.047,143.06,181.17,335.01,311.16,6843.2
104.67,168.32,218.93,346.52,323.61,10152
99.839,84.391,231.89,329.11,369.5,10006
63.363,154.03,198.93,340.23,343.43,7813.5
89.722,187.17,224.76,322.77,351.75,9341.3
73.279,145.49,223.67,254.17,373.87,8059.1
44.06,104.06,248.25,284.29,352.34,6937.4
91.665,198.71,232.99,312.63,315.67,9113.7
78.798,162.92,231.68,285.68,334.95,8276
89.499,163.16,187.21,333.11,347.33,9113.5
60.295,173.14,157.2,322.37,395.9,7890
109.15,156.16,206.69,316.63,345.56,10384
57.45,111.05,197.19,328.59,341.91,7368.1
109.01,162.44,247.88,311.17,351.13,10611
60.086,173.44,225.78,347.24,322.79,7710.2
112.51,101.36,207.69,308.21,285.42,9884.2
114.48,140.9,208.38,308.38,375.07,10984
74.067,195.19,222.95,330.98,316.62,8206.5
45.301,138.87,201.6,318.57,376.26,7287.5
76.842,153.59,267.18,339.03,350.7,8859.1
100.88,142.58,243.1,300.33,366.59,10035
57.073,145.78,227.97,384.2,319.1,7765
82.063,138.21,214.94,305.3,414.4,9207.2
124.21,116.26,249.17,319.38,363.82,11891
38.031,154.39,207.08,337.27,333.36,6869.7
119.55,135.18,208.4,324.67,302.53,10797
64.956,130.7,231.62,303.66,377.91,8064.9
70.078,173.47,191.16,333.7,321.09,7862.8
57.132,175.7,204.01,367.52,363.62,8019.8
99.564,140.57,251.73,288.99,342.23,9672.8
85.597,159.92,224.13,325.96,354.27,9077.8
104.72,119.45,203.13,353.93,346.82,10238
89.668,154.16,278.46,328.24,376.88,9813.1
71.282,124.75,182.09,333.11,377.67,8297.5
128.87,99.346,212.48,289.3,351.67,11737
90.717,140.53,218.05,343.45,350.67,9397.5
39.74,169.89,255.12,335.24,320.36,7055.8
100.72,148.97,224.83,304.64,364.64,9957.9
90.403,131.22,237.31,342.53,332.37,9274.2
28.493,185.91,179.08,346.9,338.1,6698.1
130.72,181.08,273.89,347.92,329.15,12597
72.387,186.85,201.74,312.32,329.64,7988.5
71.756,163.43,218.92,365.95,351.48,8578.6
51.509,138.35,202.97,331.68,378.4,7609.8
74.405,157.55,202.4,298.69,363.25,8248.8
54.415,148.38,212.52,342.65,360.4,7691.5
80.769,173.57,225.63,305.14,369.35,8841
80.931,161.53,267.39,300.49,320.09,8532.7
128.62,106.55,244.47,334.77,360.54,12300
76.26,137.85,238.76,335.76,367.89,8789.2
46.804,116.92,205.34,353.54,346.55,7267.8
90.218,89.231,218.67,335.1,352.19,9208.5
69.283,178.34,233.98,344.78,364.92,8549.3
112.17,101.33,206.13,353.04,332.8,10618
95.966,173.63,208.58,339.63,329.58,9528.9
102.31,139.98,208.99,344.44,345.9,10069
76.088,172.69,233.15,354.83,332.97,8633.9
89.796,141.63,213.57,375.57,369.05,9723.2
88.211,150.07,204.17,284.57,343.99,8717.2
108.38,173.42,211.2,293.38,331.71,10093
104.74,186.62,214.96,324.37,373.97,10501
118.63,144.45,228.78,316.4,377.75,11505
128.43,150.53,256.96,277.95,342.82,11877
101.48,151.53,174.47,282.91,333.23,9307.6
108.2,119.6,229.79,346.03,355.87,10654
86.099,128.45,212.37,290.4,347.72,8661.6
86.259,137.68,210.38,315.14,355.83,8934.1
81.617,146.98,191.68,305.73,346.12,8437.7
63.024,170.14,243.9,293.24,392.47,8198.4
66.154,172.16,215.02,285.31,369.18,7915.5
111.95,146.91,177.12,320.2,351.49,10504
106.79,170.99,224.16,317.91,350.06,10386
52.058,109.89,233.25,315.58,356.24,7393
73.095,129.29,224.64,311.34,324.31,7950.7
115.73,147.47,225.39,310.8,343.71,10901
90.837,123.85,241.19,298.33,393.66,9574.4
123.09,154.36,239.87,276.42,343.12,11336
93.189,184.84,247.95,287.15,294.35,8870.2
74.658,125.37,153.04,320.87,354.95,8015.4
80.843,139.35,225.72,335.36,381,9092
73.05,153.78,182.88,255.64,323.56,7391.3
83.184,160.82,263.68,343.82,339.57,9129.2
94.401,154.79,260.31,349.74,401.47,10403
67.407,175.32,220.74,325.48,325.87,7880.3
69.304,128.51,235.68,298.85,387.71,8337.2
75.716,136.75,212.58,330.71,342.26,8346.1
63.898,117.96,226.11,287.84,346.71,7552.8
80.303,159.18,220.67,286.13,367.22,8603
66.185,111.01,211.24,315.55,328.45,7584.3
88.419,130.29,219.68,302.74,343.69,8888.9
80.63,135.88,223.85,290.96,351.73,8470.5
69.808,149.24,220.27,368.35,314.39,8123.7
146.08,211.59,271.52,316.71,329.03,13872
86.495,191.1,212.43,298.81,349.87,8908
71.668,148.61,226.32,374.7,361.2,8732.4
59.419,149.56,237.97,362.63,342,7982.3
55.359,133.53,220.51,278.3,388.19,7542.7
94.05,182,197.58,281.94,371.35,9358.5
12.739,186.08,205.04,338.11,390.58,7047.6
50.712,135.43,222.92,324.94,345.68,7317.8
79.264,132.26,200.02,342.76,335.27,8477
40.478,125.05,209.93,349.71,329.46,6933.1
64.369,151.17,205.09,317.95,361.75,7898.5
54.522,165.54,215.88,318.28,344.76,7430.5
80.387,144.78,236.68,360.44,339.36,8916.3
82.781,169.33,227.66,296.56,370.15,8899.9
108.77,150.72,210.45,343.98,384.13,10923
111.48,170.42,212.1,319.02,314.75,10342
90.851,157.83,222.57,256.91,369.48,9035.2
100.84,140.6,240.54,325.11,374.14,10262
114.62,149.21,220.57,340.42,337.98,10949
97.332,158.42,218.24,356.18,315.19,9612.6
84.043,136.17,243.38,310.68,354.26,8923.9
59.1,139.99,221.33,322.96,290.05,7088.4
115.91,124.44,233.46,301.11,369.55,11081
109.1,174.51,172.82,316.14,323.07,10032
92.271,133.36,244.28,341.2,330,9397.9
87.702,125.6,227.64,272.4,352.63,8746.4
90.058,116.21,217.65,271.37,387.45,9140
83.324,143.12,217.32,343.43,345.7,8917
86.735,125.44,234.33,338.12,332.76,8998.5
107.39,182.71,253.77,330.68,344.73,10646
66.164,144.17,207.88,313.57,354.83,7879.1
47.888,176,219.11,289.14,358.89,7169.3
87.56,167.8,206.67,285.55,340.51,8705.5
115.03,130.08,238.7,332.37,322.15,10821
55.147,156.04,213.94,342.47,369.62,7829.8
108.9,160.78,258.5,306.46,375.17,10849
117.91,164.08,172.55,292.03,356.02,10828
68.088,127.18,230.82,347.84,352.79,8267.1
78.992,132.96,230.28,310.96,361.73,8644.5
91.65,95.67,185.11,341.06,349.16,9154.3
65.47,136.05,177.51,301.46,340.44,7452.9
43.154,158.09,223.37,322.77,411.22,7740
77.843,149.82,241.93,302.66,370.32,8704.2
88.747,162.93,232.07,258.68,339.59,8695.2
127.91,168.59,246.84,341.47,324.69,12098
144.53,135.73,246.23,343.23,369.08,13987
57.37,147.33,254.9,324.29,345.39,7743.3
39.888,149.03,175.88,351.32,384.78,7336.8
89.81,165.77,198.82,333.9,308.87,8836.8
87.432,194.77,224.98,353.43,328.69,9219.9
125.29,135.25,218.75,318.08,344.65,11680
70.588,120.73,275.4,290.24,343.27,8098.1
64.458,163.71,242.79,297.89,334.12,7717.5
79.615,161.66,229.42,347.41,336.77,8759.3
71.364,131.87,220.72,331.29,313.2,7887.4
85.235,164.84,255.15,358.62,340.37,9324.2
67.958,135.48,220.92,349.39,302.13,7758.7
70.178,125.12,199.47,310.43,318.13,7606.7
60.49,128.83,211.92,318.83,387.82,7972.5
80.669,95.171,255.4,316.75,350.21,8707.7
101.31,112.04,199.73,331.74,342.87,9771.2
24.998,128.79,231.92,321.5,313.09,6355
68.533,167.26,259.69,304.48,350.69,8199
81.725,114.49,237.92,319.43,335.22,8597.5
105.02,81.809,189.47,356.67,352.48,10177
94.226,173.54,167.46,300.44,331.57,8949.8
82.234,166.63,237.37,334.66,372.62,9205.4
120.72,166.55,234.78,305.44,341.57,11333
95.611,161.29,181.13,319.73,361.49,9501.3
87.041,117.29,178.39,355.89,307.96,8603.7
120,180.41,219.61,311.06,347.11,11322
87.157,130.54,201.13,278.38,349.28,8601.2
55.528,148.89,232.84,306.51,363.81,7614.2
106.49,134.31,213.15,329.69,352.52,10331
98.837,206.16,224.76,318.32,359.25,10006
51.466,135.45,250.27,291.77,348.35,7273.5
97.979,128.14,222.52,311.94,382.37,9934.6
122.39,187.72,256.75,299.43,301.09,11203
71.625,139.02,233.07,325.31,354.82,8332.8
23.988,169.44,202.09,404.1,371.82,7422.7
89.405,173.61,205.95,304.35,349.5,9044
50.009,138.87,264.04,360.31,327.04,7583
92.468,142.78,208.71,269.03,337.24,8809.8
44.029,125.51,205.21,324.05,332.26,6856.9
47.555,131.63,268.26,323.69,304.89,7037.2
112.93,162.22,218.46,330.23,380.43,11169
117.26,100.62,234.38,294.18,357.79,10977
45.949,161.15,252.2,346.27,351.62,7576.5
71.176,110.3,209.12,309.65,338.4,7857
115.37,63.294,176.44,331.17,362.26,10753
92.74,176.48,240.03,330.9,428.76,10371
67.449,144.51,189.58,317.06,380.95,8118.4
71.648,158.47,251.96,307.4,311.03,7930.8
61.058,153.47,202.61,334.3,323.04,7497.8
105.05,167.97,218.52,386.87,338.6,10604
52.527,129.74,216.8,316.89,374,7549.7
65.916,154.46,232.4,322.55,384.61,8362.8
76.323,128.88,228.25,257.93,374.47,8230.8
87.17,123.48,215.17,293.53,324.32,8526.7
67.455,158.45,259.61,334.31,333.28,8174.2
48.232,150.39,193.27,359.55,319.07,7109.9
69.353,145.94,236.96,352.97,307.03,8000.8
56.055,112.47,237.1,329.96,344.13,7551.1
73.551,148.97,188.35,328.94,340.24,8110
87.285,176.24,210.58,330.1,358.42,9213.8
68.674,151.45,218.21,360.68,331.34,8172.3
72.731,150.28,217.22,360.22,277.5,7843.1
82.309,133.78,263.8,318.96,355.48,8994.7
135.11,150.19,282.54,327.16,360.59,13118
102.83,186.58,255.45,303.93,384.65,10530
81.97,131.95,209.89,333.82,350.28,8753.6
95.992,141.5,203.92,348.08,376.83,9943.1
116.52,177.03,197.02,277.85,339.65,10615
95.95,175.58,208.9,271.34,339.59,9146.2
49.686,165.44,227.78,325.41,339.38,7319.3
55.906,99.024,248.21,311.32,337.83,7379.4
66.359,128.24,218.2,338.08,365.56,8179.2
97.085,115.66,240.7,340.91,342.87,9768.3
62.68,136.53,208.12,329.06,355.52,7827.1
97.665,144.25,214.63,284.11,332,9234.3
56.416,130.72,213.95,342.17,353.65,7665.9
101.97,137.47,247.39,318.94,367.04,10256
89.317,129.54,213.71,312,376.91,9292.5
104.14,137.68,201.16,314.95,390.36,10366
69.104,158.7,225.12,334.82,333.14,8078.2
106.27,162.88,227.76,275.01,371.08,10245
90.018,198.97,200.5,355.27,364.51,9614.4
112.74,144.1,199.56,320.03,361.38,10764
106.38,147.32,239.39,326.62,339.61,10342
52.445,137,242.94,316.68,328.33,7259.9
82.333,117.47,224.71,329.8,370.4,8979.1
35.021,128.63,230.95,346.58,341.13,6997.4
138.43,150.67,230.9,317.29,350.19,12996
77.39,134.85,225.08,320.18,344.05,8434.6
75.612,101.79,189.06,305.52,361.18,8143.7
80.909,137.01,237.82,348.72,330.84,8768.8
109.01,96.545,232.18,345.4,351.94,10631
58.629,124.88,231.17,299.7,389.36,7865.6
65.977,109.64,173.11,331.33,369.62,7881.8
47.381,132.15,217.34,311.84,329.14,6921.3
95.33,137.52,206,323.69,350.49,9478.5
71.73,139.44,220.44,317.32,304.64,7740.7
76.778,171.56,212.45,298.91,350.82,8336.4
54.047,153.44,233.74,367.38,341.54,7792.6
67.449,174.33,237.04,308.53,336.25,7941.6
23.521,85.543,241.63,303.03,352.42,6525
118.94,176.08,239.03,317.94,302.3,10947
37.088,129.54,206.89,328.59,336.7,6758.5
120.4,128.43,218.38,308.95,329.83,11050
48.165,126.08,254.37,316.44,347.64,7329.3
47.894,144.28,202.12,289.46,318.58,6629.6
89.352,209.2,264.85,299.06,355.27,9438.5
86.922,134,260.22,283.42,396.19,9377.3
97.941,115.84,243.83,321.25,311.21,9400.7
62.91,123.37,259.65,314,365.15,8053.5
86.18,138.36,240.51,309.64,362.07,9104.5
89.167,105.43,256.23,298.12,350.31,9092.9
73.702,143.08,178.37,281.87,369.17,7995.9
125.8,142.42,228.2,280.74,371.64,11780
113.94,142,210.59,290.13,358.26,10666
92.124,126.69,209.03,296.97,365.42,9219
80.45,133.47,238.76,298.84,381.33,8868.2
89.451,210.74,246.52,261.23,350.94,9046.2
72.308,162.9,207.31,312.98,353.31,8188.2
122.74,115.81,182.74,316.61,373.63,11504
88.383,138.99,235.41,350.06,358.28,9459.9
48.06,126.39,211.62,289.02,353.64,6972.8
29.849,167.2,187.41,347.02,395.81,7274.4
87.25,135.08,199.42,317.03,330.99,8707.7
93.909,185.89,243.09,340.39,338.59,9691
78.105,143.16,217.16,346.06,294.7,8164.4
40.367,187.83,218.1,280.5,318.45,6520.6
60.774,205.23,229.68,314.58,312.56,7502.5
89.313,115.1,241.65,330.49,362.33,9393.2
85.246,120.05,210.4,330.96,312.72,8536.8
64.194,166.68,224.58,385.27,370.35,8583
121.26,158.23,199.07,334.65,357.44,11535
41.797,137.49,191.11,301.16,371.8,6962.3
73.369,124.27,233.26,335.57,360.35,8510.8
117.74,123.14,244.17,329.17,356.39,11350
109.32,148.86,259.03,313.72,392.91,11076
76.382,116.33,278.3,344.44,303.94,8399.9
82.39,174.29,200.41,335.2,337.88,8717.3
98.126,173.11,222.83,331.67,380.18,10167
91.889,147.91,227.81,336.12,345.81,9438.3
77.211,135.64,205.14,293.94,306.77,7785.4
104.18,98.959,195.34,312.13,336.94,9722.9
79.594,165.79,263.6,303.11,402.67,9254.9
92.065,100.71,214.49,309.74,346.28,9091.8
70.195,123.05,203.7,346.64,355.6,8236.8
123.4,148.43,273.24,335.11,351.76,12015
75.911,154.84,211.3,318.47,352.92,8405.9
92.179,160.75,215.9,323.21,373.53,9597.7
76.037,157.74,244.11,327.23,378.77,8893.4
70.217,134.22,182.75,328.32,355.87,8030.2
90.102,128.97,235.9,265.24,328.27,8657.9
107.18,164.71,260.93,339.12,335.2,10595
58.132,100.97,206.12,306.49,370.68,7534.6
38.957,133.08,198.2,295.66,373.6,6888.8
106.11,134.53,237.58,307.74,366.35,10405
97.778,135.83,242.08,344.28,311.88,9596
74.173,136.45,199.98,310.88,341.24,8053.4
80.8,185.13,205.35,334.84,350.8,8799.7
74.708,133.29,204.68,317.02,353.57,8257.8
50.438,186.76,221.97,378.14,357.85,7912.7
92.607,185.99,190.75,304.08,374.89,9432
72.569,199.02,213.79,273.97,350.04,8009.3
71.696,142.16,263.84,334.69,340.03,8425.2
42.629,94.903,241.66,330.93,350.26,7151
80.329,175.88,226.72,308.11,329.17,8466.5
126.15,116.06,204.75,322.02,314.64,11380
105.78,153.61,205.06,306.87,331.57,9922.3
22.68,96.992,265.14,302.11,328.36,6421.9
46.841,161.93,234.78,328.25,325.9,7145.7
95.609,130.23,212.34,342.46,308.68,9246.9
84.262,75.988,259.43,367.05,340.39,9147.1
39.604,126.45,217.21,308.18,337.7,6734.3
60.949,111.18,203.42,276.86,334.75,7106.1
97.222,151.16,220.01,319.66,322.58,9410
110.19,169.77,208.64,350.1,348.27,10764
118.54,119,245.13,324.71,340.87,11230
107.68,136.7,243.41,344.4,340.13,10563
87.596,144.87,162.48,334.08,369.65,9051.5
101.38,122.32,252.44,305.24,317.16,9634.6
81.959,168.91,203.52,346.31,325.68,8659.3
75.671,185.03,259.09,290.2,382.49,8786.5
123.33,121.03,214.91,317.14,402.63,12008
94.22,137.05,218.65,312.6,391.02,9777.8
65.362,127.52,215.18,360.6,317.02,7815.2
102.48,165.82,275.22,311.61,343.02,10216
80.048,145.67,206.6,313.35,311.69,8150.9
100.67,106.88,191.77,339.7,342.85,9731.4
17.684,170.21,226.82,325.39,294.08,6164.7
54.738,97.798,205.52,334.25,347.19,7367.4
84.045,153.14,219.56,308.39,357.53,8856.9
122.81,149.92,241.04,372.67,307.85,11654
69.734,197.16,206.24,299.72,337.1,7889.2
101.11,155.8,194.95,319.23,334.32,9663
90.245,115.68,217.56,330.91,324.44,8971.2
86.005,129.9,208.54,318.99,406.68,9403.3
39.741,148.93,235.6,320.59,345.72,7046.7
54.631,143.06,242.03,291.91,344.21,7324.3
67.934,177.79,245.93,318.28,372.59,8431.6
75.563,158.41,245.38,304.08,373.53,8663.6
59.988,159.81,238.64,339.04,322.93,7683.9
99.338,99.282,184.78,297.85,346.83,9330
69.627,167.43,239.16,341.78,345.76,8363.2
88.133,166.73,205.17,324.13,362.15,9208.2
80.885,180.54,268.65,356.82,334.2,9112.6
111.8,142.44,214.86,340.17,365.56,10949
122.18,177.84,257.87,305.04,322.26,11409
51.226,152.43,212.82,301.62,334.57,7052.4
60.185,162.07,223.91,344.69,312.59,7563.8
45.548,114.85,246.8,317.94,363.41,7343
63.521,147.53,206.63,338.57,359.24,7983.2
70.811,162.86,165.89,317.03,303.66,7461.5
107.98,161.88,197.61,312.58,310.14,9899.5
108.8,179.54,246.09,303.21,322.01,10293
64.603,96.032,202.1,366.43,325.76,7768
104.41,160.61,227.06,303.64,359.39,10195
130.4,167.73,221.78,318.12,358.51,12343
103.69,155.82,207.22,315.15,338.13,9911.3
89.42,146.19,228.14,337.64,362.49,9454
89.498,206.69,283.42,331.98,394.11,10138
75.453,128.05,194.57,294.34,381.17,8334.6
80.17,131.09,178.37,276.19,329.29,7885.6
98.136,140.99,195.23,301.7,384.39,9782.6
31.391,182.18,207.95,275.44,325.6,6270.5
63.521,125.7,229.53,296.57,349.13,7656.5
95.329,163.8,266.4,305.26,344.43,9657
80.627,88.228,250.47,350.7,354.11,8941.8
56.431,145.82,235.03,266.2,355.9,7292.2
51.099,194.82,238.72,302.03,366.52,7583.1
91.626,139.89,205.4,325.12,371.92,9460.7
88.844,146.7,221.17,312.55,345.62,9047.2
83.96,175.06,242.66,308.83,380.69,9242.6
122.37,165.18,248.89,328.6,370.33,11975
65.492,158.81,227.07,283.75,352.23,7744.4
86.357,157.7,219.57,337.69,362.89,9258.8
65.741,148.07,223.35,344.03,325.54,7884.3
42.915,152.62,242.31,320.63,336.29,7088.5
74.61,136.23,244.57,304.95,347.81,8321.8
-3.3956,152.38,261.42,325.66,346.24,6695.9
62.933,180.35,212.67,349.42,368.76,8230.9
42.081,146.07,224.28,291.77,360.13,6980.9
57.746,128.42,227.88,323.37,380.2,7902.5
109.42,144.39,255.88,344.76,317.79,10562
64.476,140.78,268.84,294.42,329.32,7727.9
141.02,122.56,254.97,289.76,328.86,12901
103.47,148.81,282.55,351.79,338.27,10523
187.01,152.23,218.96,303.22,326.96,17969
16.576,200.14,252.63,353.46,292.43,6533.8
78.835,147.85,256.67,317.51,352.42,8761.7
27.07,153.92,215.24,329.24,331.25,6591.7
47.56,137.63,202.3,325.64,324.75,6919.1
65.809,144.3,187.82,335.84,341.03,7787.9
121.19,117.41,183.96,341.31,373.97,11564
83.204,128.85,268.8,343.26,383.15,9494.1
50.042,150.32,262.09,347.01,330.33,7537.7
70.105,157.06,200.85,347.28,367.97,8418
149.79,125.7,203.6,268.48,334.89,13418
57.705,163.71,174.96,321.37,318.08,7107.5
64.293,138.73,184.43,336.83,366.84,7943.9
65.518,136.06,257.67,306.56,349.94,7988.5
104.37,162.55,214.29,355.55,328.07,10201
68.848,147.58,240.04,331.13,376.51,8503.2
78.095,129.58,230.71,298.49,372.29,8603.6
79.818,150.97,267.18,330.04,362.3,9057.7
66.931,125.94,263.21,337.21,340.34,8182.1
77.065,130.05,206.7,306.88,362.16,8391.7
146.62,161.26,224.19,310.45,328.56,13522
97.817,130.88,230.86,305.03,328.55,9411.4
43.06,126.15,268.73,331.16,345.42,7327.7
90.089,157.08,254.18,320.67,347.53,9389.4
86.326,179.51,256.45,328.05,347.75,9281.7
48.635,129.25,237.53,298.91,366.71,7324
63.08,161.98,205.82,334.77,370.24,8071
42.155,148.27,192.21,283.54,363.66,6800.6
94.187,140.56,233.62,319.25,365.37,9662.6
100.12,159.43,245.25,322.88,367.29,10199
88.665,125.77,182.96,267.26,347.73,8494.5
101.63,154.75,270.26,310.69,338.68,10060
102.31,154.91,227.93,355.37,350.45,10320
96.141,155.38,245.07,315.07,404.99,10228
73.629,111.79,206.75,324.52,316.98,7869.9
75.707,161.28,225.54,295.62,356.47,8354.6
79.15,185.53,182.19,355.73,409.23,9297.5
83.86,121.52,156.6,329.42,334.76,8386.6
40.114,176.78,235.37,358.98,363.32,7558.2
56.428,143.47,216.99,330.66,345.77,7554.5
84.508,135.29,222.29,359.66,380.86,9440.9
75.952,141.08,215.27,364.99,271.75,7953.3
55.233,174.13,168.76,336.13,311.84,7050.3
79.192,138.21,194.88,333.4,312.73,8180
91.794,144.06,208.68,327.22,358.79,9387.1
77.206,153.72,216.3,312.46,326.47,8201.6
117.75,152.74,195.77,315.86,316.57,10700
51.338,129.13,232.19,252.74,340.91,6816
90.087,173.47,236.04,316.35,372.67,9543.3
111.33,142.54,209.78,361.95,352.2,10915
133.6,111.67,239.43,276.57,362.13,12331
91.431,141.17,223.03,294.44,281.23,8460.9
133.34,141.85,223.19,302.3,335.15,12220
77.002,150.21,204.69,337.64,364.02,8659.5
89.002,129.47,252.06,300.59,362.89,9253.9
64.811,158.91,209.81,297.78,341.43,7623.3
108.82,155.42,231.27,355.17,372.05,11007
83.662,127.78,217.64,314.67,325.17,8503.9
42.794,116.76,209.52,286.35,357.37,6794.9
54.359,203.35,234.61,353.12,351.6,7917.2
76.055,136.3,237.03,286.28,352.15,8266.6
115.79,136.19,216.14,315.62,351.33,10940
107.58,120.19,253.64,342.72,414.93,11270
92.061,107.1,212.3,335.84,362.97,9438.5
118.36,175.86,194.76,335.15,324.38,11007
76.477,133.49,217.86,349.49,374.75,8846.8
54.561,110.69,253.47,294.88,350.03,7382.3
40.232,175.1,242.22,324.76,340.59,7134
127.16,165.89,235.89,316.34,327.02,11816
26.019,143.52,245.77,330.22,323.4,6636.4
83.877,142.54,231.46,293.09,375.13,8942.8
96.201,137.84,210.2,346.76,345.93,9676.7
93.964,117.29,197,344.65,362.48,9561.5
57.638,130.58,190.04,329.87,307.85,7068.6
87.543,112.69,235,323.3,357.42,9150.4
79.817,135.69,199.3,365.21,358.04,8886.4
108.41,124.16,228.89,356.3,360.96,10796
76.027,156.98,217.08,279.03,352.6,8164.1
113.8,148.95,216.08,350.67,342.97,10982
100.69,159.19,196.98,294.96,373.12,9850
100.4,189.64,184.8,342.52,343.81,9895.4
77.304,121.4,232.06,328.62,346.87,8521.4
83.161,146.98,211.69,313.83,360.58,8820.3
88.836,139.26,246.82,348.87,371.12,9659.3
130.39,140.79,218.87,300.01,362.03,12172
84.547,130.67,213.82,298.6,386.71,9013.5
83.49,126.99,241.51,362.75,309.04,8800
64.515,104.97,221.02,389.04,335.21,8130.4
129.55,130.09,227.5,312.95,397.25,12544
70.187,135.11,224.51,332.06,365.57,8361.4
105.77,181.7,218.88,317.68,363.09,10432
132.3,147.92,172.27,369.66,347.81,12478
78.79,161.11,213.53,364.4,347.7,8857.4
65.854,116.38,232.19,334.28,334,7873.4
52.768,142.93,259.96,329.1,346.27,7629.9
86.833,185.42,230.24,302.14,420.04,9696.5
104.45,169.33,230.79,312.3,336.35,10078
94.034,137.13,193.08,332,365.42,9529.8
95.923,112.81,200.98,335.5,343.92,9456
72.998,145.16,289.82,271.96,301.1,7813.5
57.925,218.24,208.4,340.43,322.03,7582.6
48.118,147.04,212.84,349.79,384.39,7750.4
67.31,122.73,237,335.92,338.02,8027.9
84.886,151.57,208.56,331.62,371.85,9146
49.296,160.37,228.33,327.64,369.31,7598.2
102.92,136.36,226.99,325.44,363.9,10232
89.977,146.82,179.03,310.88,373.85,9158.9
63.041,164.66,193.48,343.05,354.31,7919.8
42.011,136.88,218.19,322.61,300.48,6577.4
95.919,168.16,220.7,266.67,336.34,9123.3
104.83,142.78,224.91,291.09,359.31,10083
67.661,141.43,238.89,328.59,363.53,8287.1
63.984,105.69,244.68,274.52,327.46,7345.4
87.635,163.58,184.62,319.75,342.5,8849.2
32.166,143.75,218.51,284.77,350.59,6556.9
119.13,147.91,183,304.51,300.19,10498
66.655,143.33,238.37,326.17,372.26,8309
126.48,128.93,243.38,329.67,374.79,12260
59.708,136.95,230.12,294.91,382.06,7827.7
84.144,137.46,223.11,290.22,367.48,8810.9
75.94,155.3,236.74,323.52,354.9,8592.1
75.561,172.68,197.73,309.26,346.39,8232.5
76.251,178.46,294.72,334.22,338.27,8872.6
64.544,159.11,232.93,317.96,318.71,7656.1
80.222,155.8,208.97,317.31,342.96,8521
51.635,131.56,213.94,303.47,338.35,7073.8
81.918,175.34,249.15,322.52,326.44,8742.3
93.182,174.63,199.1,306.48,305,8836.5
93.075,153.3,188.37,276.7,306.5,8530.3
54.656,146.47,193.18,302.82,346.86,7187.4
90.341,123.47,232.9,326.53,350.67,9291.3
109.19,108.87,230.03,302.29,334.07,10187
65.206,117.03,172.25,308.57,306.06,7094.3
100.37,118.81,223.58,321.6,350.48,9844.1
77.605,147.21,188.4,304.31,344.96,8184.4
36.993,89.705,236.94,315.71,382.77,7165.1
119.44,188.25,226.2,316.5,349.35,11387
80.038,182.29,219.59,325.64,314.56,8414
74.942,133.27,212.18,295.95,338.72,8017.3
77.183,148.78,244.51,347.48,351.36,8816.9
121.76,147.89,210.38,354.19,373.71,11902
97.142,133.09,293.33,309.06,348.47,9907
92.232,138.64,221.93,315.61,361.68,9414.7
36.69,101.35,247.4,356.25,376.58,7465
109.85,159.29,208.36,320.44,369.97,10711
64.558,172.84,252.25,300.51,370.56,8156.1
68.56,153.75,202.95,312.83,335.71,7798
87.92,169.39,143.09,320.75,314.33,8407.6
73.267,165.37,226.8,334.06,301.37,7994.8
97.57,162.18,300.68,310.3,379.63,10344
47.823,145.73,186.97,325.81,341.98,7033.4
65.83,169.77,245.28,312.99,374.11,8291.8
106.13,140.74,223.71,352.15,344.02,10452
79.622,107.18,249.39,327.49,364.62,8861
69.952,129.69,245.03,311.25,343.86,8088.3
103.5,130.83,234.59,323.47,363.21,10277
55.336,142.62,255.44,289.17,344.38,7399.8
37.529,182.5,233.97,290.02,358.37,6961.4
65.025,121.65,252.56,295.45,395.6,8263.8
44.308,190.9,223.5,323.89,338.19,7162.7
63.509,181.15,201.73,310.33,336.34,7616.9
69.547,152.42,174.37,309.04,335.63,7668.5
127.27,103.16,209.08,319.62,386.74,12137
68.413,177.88,229.27,331.71,307.87,7848.4
83.79,154.05,234.37,303.82,339.44,8715.1
83.258,117.14,243.33,314.44,350.99,8831.4
51.761,125.04,217.31,275.7,324.8,6755
49.504,126.43,248.91,349.19,368.37,7775.6
70.462,165.58,242.94,295.89,368.33,8308.1
125.71,103.92,225.52,289.33,424.96,12239
100.69,187.73,213.49,303.73,347.75,9819.1
105.09,128.32,223.57,314.26,336.2,10006
81.932,175.58,237.55,322.99,379.18,9189.9
77.792,122.08,247.8,295.48,394.84,8850.6
92.887,149.56,244,340.32,312.25,9296.9
92.628,113.09,225.73,302.47,335.36,9057
98.892,152.26,250.8,322.54,336.96,9836.7
93.631,149.85,279.35,289.13,297.52,9021.8
102.58,152.36,202.83,327.82,386.83,10357
113.3,126.19,185.85,306.15,329.05,10291
74.273,157.89,228.03,337.53,342.32,8448.5
76.713,183.19,223.97,305.12,383.96,8777.2
68.564,150.65,264.18,362.16,322.11,8321.3
70.613,114.65,279.89,301.07,337.06,8125.6
43.639,143.64,239.85,366.96,349.1,7526.3
75.1,189.48,189.01,280.35,341.93,7956.2
62.338,121.91,212.73,301.74,342.75,7488
66.077,135.89,242.93,304.37,336.7,7796.7
84.95,129.14,218.15,325.13,361.34,9001.3
56.816,99.129,184.87,332.81,362.5,7479.6
58.368,120.23,219.59,342.58,366.98,7876.1
108.6,122.21,236.67,314.11,380.21,10730
89.699,160.79,209.26,341.57,363.92,9449.8
68.041,119.03,239.99,275.59,360.98,7859.9
127.19,119.66,231.19,340.82,330.06,11891
69.993,118.51,244.89,332.48,386.56,8620.5
79.378,168.56,228.19,291.42,337.7,8369
69.882,145.18,207.4,323.36,351,8083
55.97,110.2,248.57,335.22,347.37,7669
50.241,182.35,213.74,317.43,351.21,7361.6
110.16,114.11,190.29,300.07,341.55,10124
88.982,133.02,238.85,381.76,355.21,9694.6
44.316,194.95,258.64,329.87,355.28,7555.4
59.32,144.77,231.27,324.63,355.71,7795.2
45.343,157.98,217.76,377.72,296.69,7075.4
101,167.28,187.34,326.85,351.29,9858.4
93.976,152.02,227.28,337.66,318.16,9324
71.84,120.77,223.14,335.55,399.69,8750.5
65.062,187.45,244.34,314.27,326.93,7853.4
93.601,121.7,217.02,313.55,339.25,9209.1
69.326,176.7,206.45,319.01,324.16,7837.7
37.912,161.02,207.86,344.19,395.52,7526.3
68.907,128.75,219.82,340.87,328.77,7975
52.639,167.7,194.12,300.97,335.02,7041.7
61.504,101.79,208.08,359.39,388.61,8227.6
102.22,135.29,223.39,291.15,318.91,9491.5
89.678,178.78,242.52,316.59,368.09,9521.5
85.74,160.55,253.19,309.78,345.82,9040.2
59.425,141.61,229.73,326.01,338.84,7633.6
91.784,132.16,259.33,321.54,319.01,9197.6
48.982,146.39,200.42,265.79,339.04,6688.8
92.208,137.44,213.68,306.84,359.64,9287.1
108.93,180.98,224.9,325.16,355.22,10669
36.513,107.63,193.19,337.71,337.77,6699.3
84.233,133.33,205.98,354.31,337.41,8886.7
114.26,106.58,200.62,339.46,348.28,10814
76.599,94.714,208.61,331.53,357.57,8427.2
125.64,173.79,211.68,345.3,392.6,12410
88.637,139.62,163.35,317.58,356.81,8867.1
98.927,149.53,213.83,289.53,366.89,9696.6
89.565,142.29,255.92,342.65,312.36,9153.4
113.54,183.46,250.92,334.68,286.43,10566
98.036,178.82,233.48,286.62,343.89,9564.3
93.811,141.29,251.75,354.23,362.93,9956.5
29.281,139.51,206.51,302.74,343.33,6484.3
61.742,129.03,197.99,307.87,333.67,7361.3
127.07,124.93,192.53,310.67,317.6,11365
85.491,152.88,225.47,330.92,346.4,9022.6
69.069,135.08,215.88,319.41,303.1,7581
78.643,144.81,244.35,332.26,322.75,8504.1
72.286,174.35,252.57,315.36,326.25,8202.4
88.828,133.05,205.29,323.7,293.6,8518.2
91.4,167.36,228.84,299.5,337.57,9120.2
85.398,141.85,255.61,319.24,357.52,9168.3
85.348,174.9,214.09,350.68,336.72,9054.4
64.14,152.08,220.11,344.72,344.27,7989.9
47.883,152.83,228.79,341.54,354.59,7495.1
69.626,169.73,252.36,300.94,333.11,8026.3
93.175,142.86,208.52,285.72,286.48,8488.4
77.194,191.86,274.86,326.33,356.88,8972.8
107.35,175.69,227.2,273.1,356.19,10194
81.981,187.18,247.88,341.73,348.68,9113.8
101.5,145.69,252.93,354.12,312.52,10000
80.088,107.4,204.02,295.17,387.81,8648.5
67.907,92.664,192.12,309.13,354.41,7725.3
99.884,156.4,204.56,335.43,363.4,10021
75.701,132.59,199.84,305.21,337.49,8045.6
67.968,173.47,203.38,304.14,382.79,8204.4
69.221,157.15,200.5,353.93,382.88,8563.7
84.853,155.73,204.36,294.47,367.59,8829
54.242,149.68,211.24,334.7,377.32,7786.4
77.599,139.72,221.68,371.6,359.16,8946.9
94.091,167.8,199.74,313.24,335.68,9221.6
59.854,104.58,226.08,290.15,399.21,7868.8
95.398,161.47,242.68,362.55,338.75,9886.8
59.871,154.42,255.2,320.36,353.88,7913.3
88.39,171.26,238.14,308.56,335.44,9036.9
59.968,127.13,252.83,324.6,321.11,7561
63.703,191.53,264.17,323.8,312.09,7830.4
89.433,184.3,210.84,357.05,361.28,9579.7
76.299,175.47,225.97,317.33,342.42,8439.4
65.25,150.19,212.72,318.98,374.46,8101.8
72.762,159.06,227.12,323.71,336.13,8214.7
91.93,182.9,216.97,323.36,355.95,9472
95.337,133.31,259.83,275.72,355.98,9455.6
104.89,143.6,230.58,367.52,346.4,10536
32.513,155.6,190.06,320.46,385.6,7032.7
62.1,162.34,249.08,337.79,318.72,7781
45.392,168.91,245.56,324.08,337.44,7251.5
72.638,131.76,169.19,348.52,355.13,8208.5
80.271,195.61,219.34,286.18,330.68,8330.2
101.85,158.88,184.35,380.82,395.69,10686
59.878,148.76,244.5,342.68,373.27,8188.7
86.349,150.37,290.81,363.26,344.84,9612.2
66.948,152.93,210.34,349.5,377.69,8418.6
111.17,126.92,240.43,352.12,348.89,10921
39.491,184.76,243.59,326.62,396.8,7691.1
107.6,150.75,186.05,345.43,343.96,10341
80.299,181.58,280.55,309.57,321.22,8685.8
84.98,152.27,214.7,333.64,364.36,9127.2
85.362,131.02,228.57,297.2,300.26,8303.4
83.905,175.31,275.17,298.98,317.29,8732.3
84.773,158.97,192.28,297.02,350.02,8621.3
97.28,189.31,215.44,311.88,322.78,9424.5
80.529,154.05,251.22,297.84,314.3,8337.7
124.06,134.8,180.12,356.36,347.18,11673
51.852,147.04,254.33,280.94,359.91,7367.5
74.451,187.63,224.49,347.62,337.42,8532
101.27,168.65,236.03,297.63,363.78,10039
89.795,136.51,236.85,293.14,303.82,8625.9
100.85,159.26,247.01,309.68,345.01,9951.4
25.959,116.07,238.95,336.43,416.13,7464.5
55.225,102.96,250.26,330.08,405.82,8152.9
53.028,178.57,197.35,355.7,335.46,7487.9
91.787,171.29,246.96,329.77,363.62,9707.1
71.06,109.71,195.06,283.6,329.26,7507.5
97.003,115.61,168.34,308.26,356.52,9294.5
80.172,120.61,239.37,326.48,354.01,8762.3
54.863,181.43,201.54,338.82,331.28,7423.5
66.668,169.9,234.76,270.27,331.19,7565.8
121.19,134.45,259.53,343.01,340.54,11680
76.408,186.75,240.79,340.28,381.71,9082.2
87.569,136.07,238.94,351.48,341.44,9272.5
75.422,121.12,224.76,348.39,344.44,8503.1
64.786,176.6,208.39,319.52,350.23,7893
57.008,177.69,294.63,335.81,358.14,8203.1
90.293,148.53,267.95,335.65,344.31,9527.4
57.718,143.44,200.42,311.59,371.99,7634.8
63.624,167.38,224.26,319.37,331.96,7727
73.583,153.21,180.49,297.65,326.45,7728.9
105.86,135.16,234.37,336.71,365.22,10566
79.771,122.44,156.62,340.96,328.92,8188.4
89.197,165.2,217.82,317.53,358.4,9250.4
37.72,162.18,243.1,321.92,318.18,6809.3
62.862,152.4,207.66,303.87,358.47,7718.6
88.216,156.28,182.89,344.33,394.12,9523.3
110.59,160,208.33,305.61,360.8,10575
46.346,178.08,225.64,311.68,376.39,7484
95.319,175.42,227.61,352.43,361.37,9980.7
75.15,121.4,241.51,310.68,339.45,8260.7
69.747,121.59,225.13,334.15,358.89,8264.1
107.19,88.243,234.1,347.3,318.63,10185
81.419,169.09,171.53,335.61,363.37,8750.4
114.51,138.07,249.08,294.22,373.49,11071
90.111,117.99,220.42,307.6,344.33,9007.3
98.742,125.33,261.74,337.62,334,9899.2
132.89,171.64,223.05,362.14,350,12810
88.689,124.82,219.52,348.72,354.33,9318.2
123.6,127.7,238.8,325.04,364.75,11862
80.413,144.75,222.44,268.15,405.11,8818.4
112.46,151.66,279.99,347.51,358.38,11335
61.417,126.8,245.84,307.28,336.81,7611.2
78.589,141.91,236.54,309.79,345.97,8517
92.186,160.26,210.09,365.85,360.5,9745.1
104.19,164.75,239.4,315.48,289.47,9669.9
80.983,167.9,213.65,309.01,375.46,8864.5
67.673,164.62,221.54,338.36,332.82,8029.3
46.427,174.17,216.48,332.84,389.88,7709
79.158,112.32,272.19,252.31,381.88,8596
119.23,153.04,205.43,330.58,369.9,11479
87.646,132.51,229.52,249.95,353.08,8613.9
78.903,141.34,152.92,282.8,340.47,7864.8
75.997,176.45,211.66,300,344.64,8252.1
96.8,141.88,242.23,319.69,394.72,10161
64.934,125.26,180.44,345.92,374.91,8062
93.952,149.24,206.39,329.2,343.89,9395.1
37.208,85.827,199,360.26,351.42,6985.8
82.494,115.9,222.03,307.24,299.41,8135.7
54.729,137.16,258.53,326.52,351.03,7707.8
78.246,123.69,237.77,375.23,358.87,9049
80.343,151.25,256.37,341.08,361.05,9098.1
60.925,143.16,212.64,293.45,358.53,7568.6
49.946,171.89,202.8,326.18,333.82,7168.6
76.692,120.21,227.76,327.38,351.19,8497.3
46.491,168.62,248.39,304.1,347.68,7255.6
111.28,116.67,209.1,307.19,337.67,10324
57.594,188.98,218.05,275.16,319.47,7065.9
97.386,113.38,198.96,335.38,349.85,9598.4
70.428,120.46,251.08,355.51,384.28,8818.2
29.432,172.49,219.53,259.53,338.75,6279.5
42.665,165.51,211.64,300.07,321.74,6671.2
87.742,174.42,214.47,346.65,357.47,9364.5
90.429,124.81,248.68,373.78,351.69,9723.7
67.415,116.39,225.95,333.65,356.35,8120.4
33.425,146.65,213.55,307.26,352.86,6746.9
61.858,193.99,244.8,363.54,365.62,8449.7
103.69,146.95,210.26,298.14,349.31,9892.4
112.41,129.98,193.69,342.94,367.44,10897
95.689,138.68,174.22,294.92,379.36,9414.4
108.46,114.76,259.81,301.37,370.1,10634
59.826,160.08,219.69,311.94,311.5,7281.2
65.78,150.06,239.92,277.22,381.2,8031.9
73.308,153.21,254.63,294.46,361.21,8399.8
62.448,112.07,219.49,273.78,370.28,7568.7
91.73,117.71,209.07,300.72,383.54,9373.1
47.982,182.67,287.22,296.28,373.61,7723.9
75.438,150.03,214.1,313.37,334.17,8170.4
63.057,158.24,212.85,330.85,340.02,7781.8
78.875,169.61,241.2,346.12,372.23,9126
-3.4033,122.32,255.98,345.18,392.6,7178.9
